Kinase,BRAF_druginhibition_175_GSE42872,BRAF_druginhibition_38_GDS5085,FGFR3_druginhibition_36_GDS5023,ERBB3_knockdown_65_GSE19921,BRAF_knockdown_193_GSE5481,AURKA_druginhibition_196_GSE57810,HUNK_knockout_240_GSE14226,TGFBR2_knockout_293_GSE46211,TGFBR2_knockout_292_GSE46150,TGFBR2_knockout_295_GSE45968,TGFBR2_knockout_296_GSE22989,PDK1_knockout_265_GSE42187,TRIM28_knockout_302_GSE32224,TRIM28_knockout_303_GSE32224,RAF1_activemutant_219_GSE42964,CDK4_knockdown_225_GSE8866,IGF1R_druginhibition_46_GSE14024,IRAK4_defectivemutant_200_GSE6789,RET_knockout_270_GSE32093,GSK3A_knockdown_201_GDS4305,GSK3B_knockdown_202_GDS4305,GSK3A_knockdown_207_GDS4305,GSK3B_knockdown_208_GDS4305,GSK3A_knockdown_203_GDS4305,GSK3B_knockdown_204_GDS4305,SYK_knockdown_189_GSE54065,SYK_knockdown_190_GSE54065,SYK_knockdown_191_GSE54065,ABL1_druginhibition_77_GSE24493,ILK_activemutant_78_GSE25729,ALK_druginhibition_187_GSE50803,TYK2_knockdown_176_GSE44652,TYK2_knockdown_35_GDS4754,PIK3CA_druginhibition_57_GSE17785,SYK_druginhibition_152_GSE34176,SYK_druginhibition_153_GSE34176,SYK_druginhibition_154_GSE34176,SYK_druginhibition_155_GSE34176,SYK_druginhibition_281_GSE43510,SYK_druginhibition_282_GSE43510,SYK_druginhibition_283_GSE43510,SYK_druginhibition_284_GSE43510,SYK_druginhibition_290_GSE43510,SYK_druginhibition_285_GSE43510,SYK_druginhibition_286_GSE43510,SYK_druginhibition_287_GSE43510,SYK_druginhibition_288_GSE43510,SYK_druginhibition_289_GSE43510,JAK1_druginhibition_165_GSE38335,JAK2_druginhibition_167_GSE38335,JAK1_druginhibition_166_GSE38335,JAK2_druginhibition_168_GSE38335,MAP2K1_druginhibition_172_GSE39984,CDK8_knockdown_128_GSE30815,NTRK2_drugactivation_66_GSE20358,NTRK3_drugactivation_67_GSE20358,KSR1_knockout_126_GSE28228,TGFBR1_activemutant_291_GSE14523,DDR1_knockdown_169_GSE39207,MELK_druginhibition_186_GSE50227,STK33_knockdown_50_GSE15151,AKT1_druginhibition_81_GSE26290,MAP3K7_knockout_246_GSE34417,ITK_defectivemutant_125_GSE28200,WEE1_druginhibition_307_GSE38972,BRD4_druginhibition_224_GSE50865,BRD4_knockdown_223_GSE50865,PDGFRB_knockdown_114_GSE27869,ITK_knockout_241_GSE12465,ITK_knockout_242_GSE12465,MYLK_knockdown_49_GSE14525,AKT2_knockout_221_GSE19079,MET_knockout_247_GDS3148,MET_knockout_248_GDS3148,MET_knockout_249_GDS3148,MET_knockout_250_GDS3148,MET_knockout_251_GDS3148,MAPK14_knockout_13_GDS2693,MAPK14_knockout_14_GDS2693,CHEK2_knockdown_84_GSE27869,EGFR_druginhibition_83_GSE27640,EGFR_druginhibition_82_GSE27638,PLK1_druginhibition_181_GSE46856,TBK1_druginhibition_188_GSE53658,HIPK2_knockout_171_GSE39253,RET_druginhibition_184_GSE49414,AKT1_knockout_211_GSE39699,AKT1_knockout_214_GSE39699,AKT1_knockout_215_GSE39699,SRC_activemutant_51_GSE15815,HIPK2_defectivemutant_17_GDS1793,RPS6KA3_knockout_73_GSE22137,BRAF_overexpression_180_GSE46801,TRIM28_knockout_301_GSE32224,EPHA4_drugactivation_229_GSE26523,EPHB2_drugactivation_228_GSE26523,RAF1_overexpression_220_GSE42964,LRRK2_mutant_32_GDS4400,CDK9_druginhibition_183_GSE48258,ULK1_knockout_198_GSE60778,ULK1_knockout_197_GSE60778,FLT1_knockdown_111_GSE27869,MAP2K1_knockdown_105_GSE27869,SNRK_overexpression_127_GSE30185,AKT1_knockdown_123_GSE27869,TEK_knockdown_122_GSE27869,AURKB_knockdown_92_GSE27869,IKBKB_knockdown_86_GSE27869,CDK6_knockdown_93_GSE27869,AKT2_knockdown_44_GSE12291,MET_knockout_257_GSE25583,BTK_mutant_1_GDS1346,MET_knockout_256_GSE25583,MET_knockout_260_GSE25583,MET_knockout_259_GSE25583,MET_knockout_258_GSE25583,ATR_knockdown_120_GSE27869,CDK3_knockdown_110_GSE27869,CDK8_knockdown_129_GSE30816,CDK8_knockdown_130_GSE30816,MAP3K7_knockdown_37_GDS5023,TBK1_knockdown_53_GSE17643,SYK_knockdown_279_GDS3609,SYK_knockdown_280_GDS3609,ABL1_knockdown_137_GSE31534,MAPK1_knockdown_131_GSE31534,CDK4_knockdown_133_GSE31534,CHEK1_knockdown_136_GSE31534,CDK7_knockdown_138_GSE31534,CDK2_knockdown_132_GSE31534,MAP2K1_knockdown_134_GSE31534,AKT1_knockdown_135_GSE31534,FGFR3_knockdown_173_GSE41035,FGFR3_knockdown_34_GDS4454,FGFR3_knockdown_174_GSE41035,PIK3CA_mutant_27_GDS4053,ABL1_knockdown_144_GSE31912,AKT1_knockdown_141_GSE31912,CDK4_knockdown_143_GSE31912,MAPK14_knockdown_139_GSE31912,MAPK1_knockdown_145_GSE31912,CDK2_knockdown_146_GSE31912,CHEK1_knockdown_142_GSE31912,ATR_knockdown_140_GSE31912,AKT1_activemutant_216_GSE9484,RAGE_knockout_269_GSE22873,TRIM24_knockout_298_GDS3087,KSR2_knockout_60_GSE17923,RET_mutant_23_GDS3319,IGF1R_knockdown_52_GSE16684,TRIM24_knockout_299_GSE19675,TRIM24_knockout_300_GSE19675,EPHA4_knockout_227_GSE34430,CSF1R_druginhibition_195_GSE57686,MET_knockout_252_GSE30651,MET_knockout_262_GSE8747,MET_knockout_264_GSE8747,ERBB3_knockout_239_GSE32129,CDK9_knockdown_104_GSE27869,PRKACB_knockdown_91_GSE27869,IRAK1_knockdown_115_GSE27869,CDC7_knockdown_109_GSE27869,PLK2_knockdown_87_GSE27869,CDK10_knockdown_116_GSE27869,PDGFRA_knockdown_117_GSE27869,MAPK1_knockdown_45_GSE12291,AKT1_activemutant_10_GDS2304,AKT1_activemutant_9_GDS2304,AKT1_knockout_212_GSE39699,FGFR1_drugactivation_149_GSE32316,TGFBR2_knockout_294_GSE36778,CDK2_knockdown_90_GSE27869,EPHA4_knockout_226_GSE34430,ERBB2_druginhibition_6_GDS2139,MET_knockout_263_GSE8747,PDK1_knockout_80_GSE26290,RAGE_knockout_267_GDS3755,PRKACA_knockout_266_GSE20984,AKT1_knockout_213_GSE39699,HIPK2_knockdown_106_GSE27869,JAK1_activemutant_61_GSE18239,KDR_knockdown_119_GSE27869,CDK19_knockdown_162_GSE38061,CDK19_knockdown_164_GSE38061,CDK8_knockdown_161_GSE38061,CDK8_knockdown_63_GSE19199,CDK8_knockdown_163_GSE38061,IKBKE_knockdown_97_GSE27869,MAPK1_knockdown_112_GSE27869,AKT1_knockout_210_GSE39699,IRAK2_knockout_76_GSE24264,IGF1R_druginhibition_47_GSE14024,PIK3CA_knockdown_182_GSE46869,IGF1R_knockout_151_GSE32936,EGFR_drugactivation_19_GDS2146,SRC_overexpression_277_GSE15161,EGFR_drugactivation_20_GDS2146,FGFR1_activemutant_58_GSE17916,FGFR2_activemutant_59_GSE17916,ROCK1_knockdown_156_GSE34769,ROCK2_knockdown_157_GSE34769,ABL1_knockdown_100_GSE27869,PIK3CG_knockdown_96_GSE27869,FLT4_knockdown_103_GSE27869,MAP3K1_knockout_245_GSE39240,SCYL1_knockdown_194_GSE57646,MET_knockout_261_GSE8747,MAP4K5_knockdown_199_GSE61497,PLK3_knockdown_121_GSE27869,CDK4_knockdown_85_GSE27869,MAPK14_knockdown_101_GSE27869,MET_knockdown_254_GSE38343,ABL1_mutant_179_GSE45452,ABL1_mutant_24_GDS4046,FGFR1_mutant_25_GDS4046,FGFR1_mutant_26_GDS4046,ERBB2_overexpression_230_GSE14990,JAK1_knockdown_160_GSE37012,JAK2_activemutant_178_GSE44961,EGFR_drugactivation_30_GDS4361,ERBB3_drugactivation_31_GDS4361,GSK3B_knockdown_158_GSE35351,GSK3B_knockdown_209_GSE35351,IRAK4_knockout_41_GSE12124,ERBB2_druginhibition_7_GDS2139,ERBB2_druginhibition_8_GDS2139,JAK2_knockout_79_GSE26188,KIT_activemutant_55_GSE17743,PDGFRA_activemutant_54_GSE17743,MET_knockout_253_GSE30651,MAP2K4_knockdown_62_GSE19091,TRIM33_knockdown_304_GSE32903,ATM_knockout_16_GDS1544,CDK19_knockdown_148_GSE32108,CDK8_knockdown_147_GSE32108,MELK_knockdown_150_GSE32873,TNIK_knockdown_297_GSE17623,BMPR1A_knockout_222_GSE48092,TRPM7_defectivemutant_306_GSE23102,TRPM7_overexpression_305_GSE23102,CDK8_knockdown_88_GSE27869,PIK3CA_activemutant_56_GSE17785,PLK1_knockdown_98_GSE27869,CDK9_knockdown_71_GSE21751,FGFR1_knockdown_94_GSE27869,TGFBR1_knockdown_102_GSE27869,ATM_knockdown_18_GDS1852,LRRK2_activemutant_159_GSE36321,LRRK2_mutant_33_GDS4401,ATM_knockout_74_GSE23116,ATM_knockout_75_GSE23116,ERBB3_drugactivation_70_GSE21463,GSK3A_knockdown_205_GDS4305,GSK3B_knockdown_206_GDS4305,JAK2_knockdown_192_GSE54645,HIPK2_defectivemutant_29_GDS4233,HIPK2_overexpression_28_GDS4233,IRAK2_knockout_39_GSE10765,JAK2_activemutant_72_GSE21842,MYLK_knockdown_48_GSE14525,VRK1_knockout_64_GSE19329,SRC_overexpression_276_GSE37428,PTK7_knockdown_185_GSE50138,RAGE_knockout_268_GDS3755,HIPK1_knockout_170_GSE39253,JAK2_mutant_40_GSE11003,AKT1_knockdown_43_GSE12291,BTK_knockout_2_GDS1346,AURKA_knockdown_89_GSE27869,CHEK1_knockdown_95_GSE27869,CHUK_knockdown_108_GSE27869,CDK7_knockdown_124_GSE27869,ERBB2_knockdown_231_GSE8373,ERBB2_knockdown_232_GSE8373,ERBB2_knockdown_233_GSE8373,ERBB2_knockdown_234_GSE8373,ERBB2_knockdown_235_GSE8373,ERBB2_knockdown_237_GSE8373,ERBB2_knockdown_238_GSE8373,ERBB2_knockdown_236_GSE8373,ATM_knockdown_113_GSE27869,PRKCA_knockdown_118_GSE27869,TIE1_knockdown_107_GSE27869,CDK5_knockdown_99_GSE27869,STK11_knockout_278_GSE34866
CSNK2A1,24,24,20,19,19,15,22,20,16,17,23,16,31,17,39,26,65,12,19,18,18,21,23,13,20,15,25,19,12,20,19,24,24,19,16,16,22,17,14,22,19,17,16,18,13,24,21,17,23,23,27,27,15,22,22,22,15,177,18,12,23,16,20,11,25,17,18,20,12,18,17,15,19,13,20,20,20,21,26,12,41,68,22,14,16,21,17,20,14,19,17,15,38,30,39,15,23,19,11,22,27,17,14,21,28,22,25,25,17,29,20,13,13,24,16,18,20,22,14,12,26,35,12,16,28,38,39,26,13,16,69,17,22,22,20,13,23,19,20,19,20,36,7,18,19,32,22,25,29,19,15,14,31,30,21,21,55,26,24,12,13,15,38,33,15,32,14,19,19,17,24,15,16,22,17,17,20,21,17,14,15,19,29,15,13,21,24,12,19,18,13,19,27,34,21,13,30,17,14,14,16,15,28,21,25,12,16,34,16,83,22,17,5,13,16,14,19,14,13,20,12,10,10,19,21,17,30,17,19,12,14,35,26,23,22,10,24,33,14,12,19,21,16,23,17,16,19,10,10,25,14,18,14,25,22,55,18,13,17,32,42,24,29,16,14,34,26,17,19,13,14,14,15,18,16,20,18,12,23,19,23,15,24,18,24
MAPK1,13,13,13,15,6,10,13,21,19,11,22,10,9,21,11,14,18,2,10,12,8,6,10,11,8,10,14,11,11,12,3,22,22,10,18,21,3,18,5,12,8,8,13,10,11,13,15,3,15,15,11,11,9,20,13,13,11,13,8,17,19,15,21,13,10,11,16,16,8,8,4,9,10,18,2,10,11,15,7,5,11,8,7,8,5,11,10,12,7,35,8,17,9,10,9,7,8,14,9,10,14,4,11,7,17,13,9,19,11,13,24,28,8,13,6,9,11,20,9,14,24,12,6,11,2,13,1,10,10,13,7,10,1,1,8,7,13,11,15,22,11,19,15,22,15,7,13,10,13,13,6,11,8,11,10,12,0,9,10,17,12,12,15,14,6,11,17,12,2,12,10,11,10,17,10,6,4,16,15,0,11,14,5,5,16,19,2,8,8,17,5,7,13,19,15,18,14,19,9,8,10,14,23,14,4,16,13,3,6,17,13,8,7,33,32,11,11,20,2,2,17,15,15,12,3,14,18,13,14,11,17,9,18,3,9,23,13,8,3,11,12,15,13,19,13,8,21,17,17,10,9,11,12,9,18,18,14,6,16,11,15,9,24,23,9,7,8,11,20,9,7,15,5,17,13,16,8,8,18,7,21,8,13,13,12
IKKALPHA,8,8,7,6,9,5,17,4,21,8,7,6,12,6,10,7,6,15,6,8,7,8,5,4,7,7,8,4,25,6,18,8,8,4,13,11,13,4,8,5,6,7,24,6,7,17,4,13,6,6,14,14,22,4,8,8,9,14,21,4,5,8,7,37,14,27,10,9,6,6,20,65,8,25,23,18,21,8,10,19,19,13,18,33,13,16,18,7,4,2,14,12,14,9,8,21,19,11,7,17,15,9,16,45,37,7,10,7,3,24,6,14,6,4,11,8,7,7,4,21,19,13,31,53,31,10,15,18,18,18,13,14,17,17,28,23,24,14,17,35,30,9,10,50,6,46,8,88,8,5,4,20,19,18,23,19,18,14,9,5,6,9,9,12,8,43,6,26,13,11,15,4,8,4,8,14,25,10,7,16,4,13,26,28,18,11,17,25,13,7,18,15,6,16,22,10,20,23,41,28,9,26,9,8,27,6,12,17,32,8,6,14,140,21,8,8,22,29,32,28,15,9,9,62,121,26,17,7,9,32,31,18,15,63,24,28,10,14,54,23,7,3,28,7,12,18,6,14,14,22,25,17,20,13,5,31,10,18,27,25,20,74,16,18,36,17,28,21,6,6,9,6,23,12,15,4,40,36,4,44,7,55,18,9,31
ERK1,33,33,34,12,26,11,85,19,63,23,15,17,32,13,81,13,55,56,13,23,21,12,21,17,18,20,35,12,70,13,52,15,15,13,32,34,30,12,19,10,11,14,82,22,22,85,11,52,21,21,39,39,99,11,19,19,22,104,81,13,17,88,23,172,26,75,55,36,17,14,68,75,33,90,48,50,115,24,45,56,93,89,31,76,58,49,58,15,18,18,9,21,61,25,42,35,136,21,21,81,66,25,22,51,97,15,17,14,12,137,13,113,19,26,18,14,16,17,18,60,30,33,106,206,185,33,74,137,135,152,81,100,79,79,180,154,123,46,50,97,106,67,46,51,22,192,16,103,19,11,14,27,69,37,59,75,16,79,16,18,16,19,44,34,20,117,22,96,43,19,65,10,18,19,18,27,67,20,13,28,14,23,115,54,69,42,154,50,26,15,32,22,23,53,119,17,89,112,126,114,23,18,44,24,49,19,74,45,34,65,15,57,136,89,29,23,57,71,145,114,65,33,33,193,185,66,127,27,16,129,169,81,87,159,108,127,11,54,93,49,15,20,90,20,16,31,22,51,51,69,80,53,37,20,10,149,16,66,60,50,60,86,51,53,127,64,119,44,17,16,20,16,109,47,114,52,166,105,89,93,19,56,37,16,87
CDK9,46,46,67,93,134,84,67,99,51,94,77,93,115,77,78,75,33,76,93,99,76,78,108,110,88,66,49,106,141,95,129,74,74,102,66,71,61,113,100,90,78,96,123,98,82,143,85,117,68,68,148,148,89,97,97,97,120,71,60,90,117,112,219,43,44,133,146,54,130,90,52,126,99,111,115,138,128,106,134,71,101,75,172,71,122,135,75,94,117,191,90,196,150,76,56,76,80,114,127,41,160,96,122,16,31,93,76,68,90,138,73,41,109,117,82,80,87,72,118,118,321,87,94,56,110,101,41,57,50,39,34,34,49,49,85,61,132,147,117,143,96,143,158,112,86,63,96,110,21,76,110,74,172,57,138,90,265,41,59,57,106,78,55,55,97,93,96,85,72,72,145,120,102,114,56,78,124,54,74,40,127,96,52,87,119,65,66,45,89,150,138,139,60,47,101,145,212,157,99,163,66,78,53,70,102,76,92,144,102,29,93,88,246,112,81,55,101,52,144,295,116,62,62,107,110,145,71,92,98,58,69,64,78,84,45,63,115,126,108,76,94,108,55,139,71,70,96,118,118,173,107,118,71,59,97,87,82,52,128,126,102,60,82,101,171,120,148,144,67,107,63,84,84,203,120,96,163,177,100,111,73,143,56,151,103
MOK,91,91,114,50,65,82,59,51,47,154,46,47,48,131,46,45,203,75,56,36,70,73,191,97,83,119,99,62,71,50,50,46,46,97,133,132,56,64,95,47,73,51,53,55,135,73,81,242,62,62,28,28,84,55,51,51,116,69,58,89,69,54,64,101,41,126,81,51,71,85,49,121,92,44,38,29,123,65,62,32,35,72,49,66,47,65,68,50,111,200,87,99,74,136,168,37,77,62,121,144,89,90,119,15,73,51,70,38,84,64,141,40,51,111,77,75,49,45,111,50,13,50,91,50,32,95,37,51,81,66,29,52,43,43,81,87,57,60,111,72,87,132,41,56,85,60,53,106,80,139,106,15,38,115,39,87,15,308,55,114,51,41,98,53,94,88,94,16,34,45,73,64,57,66,53,42,53,27,41,38,67,47,185,14,112,62,225,44,52,66,80,64,55,44,62,24,253,150,42,158,123,29,104,67,41,137,89,66,38,181,51,82,84,104,77,129,96,50,63,299,57,59,59,99,104,64,48,85,52,181,65,60,74,80,38,62,45,29,103,28,50,61,103,69,35,37,38,57,57,83,44,110,40,31,54,30,44,50,64,56,31,271,34,95,163,114,66,38,124,53,60,80,76,108,49,40,44,92,96,107,44,33,52,68,284
GTF2F1,5,5,4,8,8,4,8,17,14,7,9,8,24,4,5,4,3,28,9,20,4,9,8,7,14,5,6,7,16,10,16,10,10,7,11,12,16,8,4,4,7,11,18,21,8,29,5,21,10,10,13,13,17,5,5,5,7,49,25,6,7,7,17,21,7,13,6,7,16,10,12,20,5,35,19,16,16,12,28,10,14,19,25,25,17,20,14,11,16,16,12,16,8,6,10,16,32,13,6,14,19,8,17,31,12,11,4,3,9,27,9,8,16,5,9,5,5,12,16,16,16,15,20,31,70,19,65,79,36,44,33,28,24,24,17,25,20,13,9,27,19,21,32,14,14,26,14,36,15,3,13,13,15,5,17,3,141,8,2,2,17,5,4,5,12,14,18,15,25,6,14,14,12,13,7,18,16,6,8,13,19,12,19,17,22,5,7,15,4,10,10,13,7,10,13,7,8,13,18,22,17,17,13,10,22,3,24,16,8,2,11,11,55,10,5,4,18,22,31,25,28,11,11,23,29,13,15,12,11,18,18,16,17,21,14,35,8,18,17,26,11,18,11,8,7,11,7,9,9,12,18,14,16,12,4,89,7,14,19,18,17,46,13,12,28,50,35,22,9,14,8,4,19,8,14,21,31,32,14,12,10,12,11,7,17
IKBKE,0,0,1,1,1,0,2,1,1,0,3,3,1,0,3,1,2,3,3,4,0,3,0,1,2,3,1,2,0,1,4,3,3,0,0,0,1,1,2,1,4,3,5,3,3,3,0,5,2,2,2,2,8,1,1,1,4,4,1,1,1,1,0,6,1,1,1,2,3,0,2,6,1,5,3,1,2,4,3,4,2,0,4,0,0,2,2,3,1,0,3,1,2,1,0,2,6,5,1,0,2,2,1,17,9,2,0,0,1,8,2,1,2,1,2,2,0,0,2,4,3,2,1,6,5,0,8,11,4,6,2,3,0,0,1,2,3,3,1,4,3,1,5,4,1,1,3,1,0,1,3,7,1,0,2,1,13,1,1,1,1,0,2,2,1,2,1,10,7,1,5,1,3,2,3,3,3,1,0,4,3,1,14,13,6,1,10,4,0,0,2,1,4,0,3,5,1,4,1,1,1,8,2,2,16,0,5,6,1,5,2,2,12,0,0,0,2,2,4,6,6,1,1,8,2,0,0,2,0,7,7,1,2,2,2,5,1,1,4,3,1,1,5,2,0,1,1,2,2,2,4,2,3,4,0,6,2,2,3,3,0,12,2,4,2,5,7,3,0,1,3,0,2,1,3,3,5,6,0,5,4,2,2,0,2
PLK3,4,4,6,0,12,3,7,2,4,5,2,1,6,5,13,3,5,10,1,3,5,1,3,3,5,2,5,3,13,0,11,2,2,2,3,3,7,3,6,3,1,0,9,1,1,6,3,10,1,1,8,8,12,3,3,3,5,8,11,2,3,6,2,14,5,8,5,5,1,4,10,23,7,12,8,11,12,2,14,15,1,4,13,10,11,4,3,0,2,1,4,5,4,5,4,13,14,8,4,7,6,7,4,22,14,0,6,6,0,11,1,7,3,10,3,0,3,2,1,6,17,6,9,12,16,1,4,20,7,11,6,11,8,8,4,12,10,4,3,13,22,10,18,12,3,8,0,6,1,4,1,10,10,13,4,7,17,3,6,6,3,1,7,6,3,12,3,11,10,5,9,2,2,3,1,9,5,8,5,15,1,5,9,92,15,7,13,14,6,1,6,6,0,4,14,11,6,11,32,4,3,5,5,3,24,5,11,12,3,6,0,4,39,32,7,9,14,7,15,14,21,16,16,30,15,4,12,5,1,17,20,6,10,9,11,11,4,12,33,14,0,4,15,1,3,15,3,5,5,7,12,4,13,8,2,8,3,9,14,13,2,31,5,7,18,10,13,7,2,3,5,3,11,4,12,19,6,15,12,10,1,13,8,3,10
RPS6KA5,9,9,12,42,34,18,19,39,80,22,24,32,81,15,20,18,9,69,31,28,33,32,28,30,30,16,10,25,46,41,46,23,23,26,30,22,33,30,24,17,24,40,29,28,23,71,24,32,46,46,120,120,81,25,31,31,25,124,54,29,35,28,112,34,19,48,24,17,54,39,45,97,23,76,77,30,52,71,57,22,67,32,86,64,40,63,23,40,44,9,29,47,22,27,29,70,63,71,26,65,35,37,77,27,52,40,18,23,40,101,25,10,64,6,37,29,29,26,44,19,161,78,69,43,175,64,312,319,131,219,150,103,20,20,52,85,55,58,34,66,42,59,71,15,40,57,32,182,141,16,47,98,45,34,102,23,253,12,19,13,60,28,13,16,91,37,56,46,64,67,34,49,44,37,22,71,45,28,43,32,48,35,75,42,83,18,9,70,30,22,42,59,26,36,23,20,29,65,24,44,62,44,26,28,66,24,63,61,35,4,40,26,154,31,23,16,51,85,61,77,35,29,29,33,180,41,39,48,42,20,30,43,30,154,79,60,38,50,31,43,40,37,27,30,61,38,45,48,48,42,68,52,63,32,27,27,25,91,56,89,164,30,27,68,74,238,231,116,31,37,38,26,70,35,24,69,73,62,10,82,25,54,33,34,19
PKCIOTA,3,3,5,4,4,6,1,8,2,3,4,4,10,3,2,5,0,9,4,7,3,4,4,6,6,0,3,5,14,4,6,4,4,6,4,4,4,7,3,7,2,4,4,8,5,11,6,4,3,3,5,5,1,6,7,7,0,0,4,8,10,2,6,12,2,4,3,1,9,5,9,11,3,37,1,3,6,5,5,3,6,3,8,11,8,7,0,5,8,3,5,9,3,3,2,11,7,10,3,1,9,5,9,18,10,5,3,4,5,7,0,2,12,8,4,4,8,1,8,13,12,3,13,9,13,9,7,7,11,3,14,1,9,9,13,8,0,2,0,20,2,5,17,9,4,10,5,12,4,6,7,6,6,3,7,2,45,0,4,0,10,6,1,0,5,0,8,0,6,3,1,7,4,8,4,5,0,11,2,11,8,11,24,12,14,0,0,0,5,5,8,4,3,5,2,0,9,18,11,10,7,0,4,1,7,4,4,0,7,0,5,3,20,14,3,2,5,19,8,8,8,5,5,35,13,3,10,6,7,1,11,2,5,14,12,13,9,4,8,5,5,9,1,4,9,4,8,3,3,5,37,8,10,1,7,11,5,7,2,4,5,6,8,11,16,6,11,4,1,12,1,5,3,13,6,15,11,9,16,4,2,0,4,2,7
CHK1,60,60,42,31,42,19,64,62,61,42,30,28,45,23,37,33,34,50,25,46,17,17,26,27,24,24,67,26,47,29,85,39,39,30,35,32,57,38,28,28,12,26,83,45,34,48,28,55,40,40,72,72,57,28,37,37,20,300,86,34,32,41,43,91,38,50,41,47,33,25,112,34,69,80,46,38,28,31,39,122,80,42,62,50,93,59,50,31,31,50,19,32,44,53,36,77,35,26,27,68,49,47,43,91,150,28,34,34,26,32,37,62,55,34,25,22,34,35,31,39,72,48,52,109,153,47,80,134,59,57,188,108,113,113,38,120,80,55,46,73,65,217,124,134,67,83,26,157,76,21,25,110,37,96,61,97,296,47,32,31,39,32,87,44,39,30,58,136,52,62,27,27,26,40,104,50,64,34,61,120,33,34,116,152,70,49,119,71,35,36,29,31,42,40,41,53,38,31,68,40,95,162,47,35,70,48,96,21,79,52,28,47,208,78,45,46,75,166,72,109,142,102,102,114,90,33,69,54,35,54,174,66,40,117,104,70,22,56,195,157,31,78,185,37,44,131,41,39,39,32,28,54,147,66,29,98,28,42,176,72,145,52,88,122,70,62,32,47,36,55,37,28,30,41,108,71,28,91,55,57,38,125,65,25,33
CHK2,67,67,55,39,205,132,51,28,39,43,34,82,38,46,48,49,24,124,59,62,115,69,74,52,43,37,44,65,110,39,42,31,31,66,40,42,50,48,67,83,123,53,48,58,77,69,53,46,35,35,116,116,51,42,53,53,174,38,37,130,55,156,247,33,37,70,54,28,51,81,88,49,34,148,154,97,50,36,91,53,60,70,83,98,78,58,110,37,64,156,58,60,69,48,80,40,82,31,48,62,121,52,73,72,24,37,43,27,52,97,33,58,38,78,73,73,51,29,64,77,153,77,89,85,166,94,176,87,74,58,143,49,175,175,77,137,53,104,73,202,55,99,68,48,38,88,30,70,28,49,156,93,77,50,98,62,303,31,51,38,34,40,40,27,35,84,89,122,60,27,69,45,28,36,46,44,89,45,24,31,34,49,71,38,158,35,107,65,81,59,69,58,51,64,52,45,156,43,37,119,29,42,43,40,63,32,62,100,68,21,37,50,50,28,37,28,65,44,58,73,78,88,88,64,64,57,119,33,30,19,27,37,50,142,29,40,78,88,40,105,37,36,42,42,34,36,43,178,178,75,163,72,41,21,42,53,33,85,53,191,156,13,50,33,49,81,222,107,39,35,36,79,45,104,77,150,70,84,151,47,24,52,23,45,38
IKKBETA,32,32,30,66,63,16,35,76,178,47,58,46,228,12,35,22,19,177,57,79,19,53,24,26,142,23,34,27,105,68,223,79,79,28,37,27,136,24,21,25,43,66,208,78,47,119,26,51,37,37,250,250,138,30,29,29,52,68,136,26,31,63,68,36,54,58,37,24,76,35,138,232,96,225,186,143,132,51,149,57,57,18,147,74,126,70,71,69,61,14,89,37,29,40,18,257,85,125,22,50,22,32,88,219,71,65,36,21,49,146,22,50,113,17,56,42,27,49,60,119,188,90,60,28,120,48,135,153,195,113,196,107,84,84,44,99,85,108,45,152,102,65,121,53,39,89,71,220,185,20,62,127,56,76,216,33,230,33,23,20,109,73,32,21,44,39,74,229,166,52,59,39,45,54,31,134,84,125,35,216,69,95,103,176,127,38,23,98,18,26,35,47,57,60,43,23,58,174,50,170,35,227,75,45,207,18,42,242,298,11,65,29,241,62,13,10,49,51,112,41,218,182,182,202,118,49,29,123,71,115,63,61,45,88,119,247,37,129,42,66,70,39,68,24,149,101,34,125,125,53,210,41,68,35,26,307,83,243,61,295,64,135,28,104,86,260,73,226,64,76,45,27,273,40,39,273,177,213,19,110,45,98,50,39,30
PRKCG,65,65,91,81,99,35,166,55,130,64,110,80,73,45,70,65,43,67,58,40,30,43,73,37,42,56,42,37,28,84,39,112,112,48,58,60,92,34,34,51,47,52,159,37,33,106,52,86,99,99,111,111,76,56,35,35,73,18,48,42,27,42,22,31,130,69,74,160,27,53,43,185,63,68,67,183,32,68,203,100,142,28,129,95,75,36,105,84,43,154,142,91,68,104,26,36,123,67,192,37,33,49,37,209,105,80,42,57,80,59,45,55,54,33,72,71,48,109,42,37,64,74,65,38,66,59,32,45,33,35,25,48,33,33,120,42,49,102,107,15,79,55,109,76,46,86,56,22,26,45,43,91,42,78,93,122,301,63,48,52,53,112,73,136,49,53,50,42,110,114,47,43,58,26,43,122,86,85,67,67,46,48,31,125,77,88,105,64,34,107,41,98,89,135,91,223,151,221,130,82,58,40,76,61,156,44,38,58,31,34,80,49,47,69,72,49,38,76,103,67,160,87,87,27,60,95,66,32,88,214,117,87,112,137,69,56,166,85,152,103,83,28,147,63,104,102,87,31,31,28,286,35,110,48,41,24,68,38,51,183,62,297,77,65,120,32,60,104,94,32,91,47,67,45,191,147,119,59,68,75,111,101,159,107,167
PKBBETA,42,42,37,88,104,83,56,63,42,92,76,87,44,74,74,73,28,35,89,66,44,74,61,69,46,65,46,105,68,91,48,73,73,100,44,45,54,72,103,89,74,92,52,64,55,40,83,49,63,63,67,67,86,99,153,153,82,52,39,64,45,79,39,19,69,39,42,86,86,62,34,51,67,39,35,51,55,103,61,59,162,45,39,24,43,27,25,91,71,189,62,66,49,73,32,73,40,74,95,45,28,91,52,81,54,90,123,117,85,40,48,37,105,38,78,76,148,69,69,85,73,82,51,25,181,51,90,50,27,19,65,23,90,90,24,47,34,38,43,45,49,40,30,86,55,100,94,79,30,75,67,45,80,87,104,35,240,69,91,93,62,129,46,81,56,63,59,52,66,130,52,52,100,52,93,48,46,49,130,78,77,52,34,139,30,60,39,24,56,64,73,61,54,39,100,114,76,46,66,250,41,48,45,65,68,70,27,113,73,24,90,40,157,173,123,96,55,13,240,81,51,31,31,37,70,62,42,86,96,84,48,20,77,160,35,27,39,55,80,25,91,49,45,45,117,59,94,87,87,43,69,38,125,87,60,58,142,45,58,90,29,107,79,19,53,92,29,64,61,104,101,82,73,52,36,35,53,65,77,84,72,111,90,115,72
PKC-Z,10,10,10,24,54,13,36,26,74,15,25,45,112,11,18,11,8,104,22,27,23,24,27,22,23,14,11,20,33,34,63,26,26,18,24,23,23,23,18,18,25,23,51,25,15,54,16,29,28,28,65,65,127,23,21,21,44,21,102,14,26,32,56,24,24,60,23,22,28,28,51,58,27,91,95,102,86,20,44,44,37,14,59,100,70,53,57,43,30,25,33,51,23,24,22,29,47,27,34,27,73,36,29,99,82,42,16,20,39,63,34,26,31,41,49,32,19,30,30,28,200,55,59,67,43,21,38,77,38,41,8,56,15,15,36,57,38,26,32,40,35,16,39,31,28,23,36,78,41,10,26,50,123,58,27,51,155,11,21,15,26,22,30,29,25,60,28,34,83,35,30,28,39,27,24,54,115,22,25,33,28,22,15,85,57,16,20,80,23,30,26,71,43,32,37,42,27,29,38,49,15,79,84,32,206,14,77,60,59,18,42,66,66,26,22,24,39,45,41,49,75,114,114,25,26,60,41,29,36,108,152,48,37,50,30,53,31,59,32,134,43,27,65,33,30,39,26,18,18,49,82,60,38,24,21,122,22,187,36,116,75,154,33,28,37,85,115,79,27,27,57,21,52,20,40,59,49,104,13,41,27,103,29,54,15
CAMKIV,23,23,22,120,44,37,110,79,92,44,92,105,96,33,34,30,15,85,120,83,54,88,39,41,28,70,24,48,40,121,119,94,94,64,74,80,119,50,66,39,87,121,112,82,71,139,41,26,76,76,135,135,160,44,104,104,37,141,115,36,73,179,15,89,81,87,35,101,110,49,117,112,167,180,174,63,71,86,48,129,86,21,76,124,54,84,129,123,94,180,72,124,28,42,57,145,46,93,111,93,78,66,92,30,62,119,38,75,99,74,56,74,82,96,162,91,97,85,93,99,261,101,80,105,201,26,50,124,66,79,79,69,26,26,45,110,45,27,35,58,40,14,26,62,75,111,129,97,39,26,90,109,68,42,121,148,126,43,65,25,80,145,58,92,73,81,49,141,153,150,19,94,130,71,61,160,196,37,84,90,100,164,37,58,56,26,128,82,101,77,90,121,115,85,54,67,90,55,78,73,51,128,60,127,79,42,73,32,180,28,106,71,174,24,46,42,48,105,132,218,98,119,119,82,201,51,64,64,125,100,141,113,64,174,103,112,92,111,89,126,123,64,93,54,130,136,75,28,28,36,83,208,142,64,45,183,94,110,117,108,189,37,67,81,32,54,86,80,73,52,120,66,60,27,102,78,148,173,50,94,92,129,104,138,47
PKCALPHA,25,25,24,74,25,32,38,44,81,53,50,53,130,34,29,60,67,43,61,53,53,62,38,33,61,49,26,38,24,77,101,50,50,34,50,51,62,37,35,33,64,76,59,48,41,33,30,40,54,54,50,50,41,33,70,70,81,36,34,27,30,50,77,20,66,37,30,83,63,59,37,39,104,27,73,103,39,56,69,66,21,63,61,26,83,26,78,58,68,181,100,52,62,21,27,52,55,101,138,43,21,42,56,23,46,73,41,69,71,23,83,24,89,122,45,64,62,57,66,82,39,39,24,34,38,90,93,60,40,37,30,120,91,91,35,34,43,69,37,75,70,47,60,35,53,11,79,28,60,29,52,37,70,27,68,42,27,190,25,62,87,128,25,50,74,25,43,80,76,56,37,74,65,62,131,89,51,35,77,60,78,37,196,82,34,45,195,105,96,183,49,25,67,28,27,113,43,56,39,30,50,153,30,51,105,56,18,49,69,208,73,24,29,70,38,97,44,17,30,31,19,138,138,22,24,38,24,47,78,124,41,33,27,59,23,26,41,36,78,16,59,73,73,53,69,64,109,84,84,71,66,80,47,55,36,204,60,47,70,57,74,58,38,69,47,38,17,74,48,87,98,37,43,55,23,38,30,25,27,36,60,61,87,56,43
MAP3K8,72,72,69,45,41,74,142,122,82,54,91,74,33,82,91,120,127,58,62,171,55,65,51,105,32,69,81,70,58,56,31,93,93,56,110,111,40,106,57,111,65,57,95,164,130,65,77,41,74,74,41,41,72,93,52,52,136,311,99,85,81,76,269,77,105,106,70,122,88,76,100,31,39,72,37,40,137,72,70,109,194,268,110,58,21,79,79,60,72,160,59,63,88,121,82,53,98,56,93,137,63,43,102,40,48,56,52,71,53,110,85,95,90,28,67,66,47,84,70,49,62,70,82,91,226,138,220,175,150,126,267,123,152,152,154,109,62,72,106,112,72,111,87,57,148,151,62,227,105,85,68,133,44,31,32,96,288,99,56,154,118,37,52,114,109,119,164,81,46,77,85,76,50,149,33,46,54,36,81,69,79,73,51,83,88,67,35,106,72,119,101,67,157,111,70,115,74,41,64,74,69,75,32,163,64,83,175,35,115,57,56,152,49,37,87,58,87,88,73,166,84,23,23,42,135,113,84,99,46,57,71,127,52,202,137,72,42,37,79,71,60,105,51,113,70,67,111,138,138,147,42,59,76,119,86,97,91,88,104,59,311,59,188,25,50,133,215,34,71,119,102,70,59,103,162,39,86,157,41,80,91,30,89,57,44
PAK2,17,17,26,36,20,26,25,34,40,40,43,31,42,25,24,29,37,29,38,26,22,26,33,34,84,26,17,30,36,37,20,43,43,31,19,20,53,40,27,35,27,35,22,29,26,27,31,20,30,30,20,20,25,35,43,43,19,30,15,22,44,60,65,17,35,28,26,44,31,27,71,21,50,24,34,23,23,45,11,23,31,74,47,39,25,19,21,35,37,36,28,28,24,37,20,71,62,46,49,28,34,57,40,5,35,35,26,33,34,30,39,20,47,23,34,34,39,39,36,62,20,26,38,45,14,168,124,28,85,64,47,36,41,41,40,28,36,97,48,65,93,63,108,49,32,59,39,24,178,30,36,23,32,117,55,30,19,16,35,30,47,68,66,43,43,69,30,23,37,36,55,34,29,30,123,49,44,23,32,48,36,54,193,10,23,27,21,36,29,39,71,32,29,35,28,22,53,28,19,33,21,20,27,34,17,47,37,27,24,30,35,34,25,20,20,19,24,47,20,21,24,42,42,49,14,22,20,40,31,6,13,15,24,4,13,47,20,30,64,13,35,33,39,22,60,57,27,24,24,33,10,51,22,23,31,17,51,40,21,26,59,5,25,20,19,118,44,63,34,66,22,34,49,65,19,24,32,31,58,14,42,20,34,28,28
INSR,27,27,80,60,35,60,29,65,37,70,54,58,37,50,52,52,115,47,65,56,65,49,67,74,127,40,29,71,64,61,23,54,54,73,43,46,49,75,58,59,51,59,30,67,58,50,58,79,48,48,61,61,44,65,89,89,35,154,38,68,83,38,61,30,32,52,60,42,90,63,66,74,47,32,30,31,46,75,36,50,97,117,180,46,35,38,20,63,76,34,41,67,37,49,51,66,100,77,62,47,68,86,82,32,65,59,45,59,56,39,49,18,102,51,50,52,78,47,74,59,29,42,55,39,24,212,120,143,80,60,85,50,35,35,82,49,50,88,67,90,195,91,160,44,56,36,65,31,84,54,73,62,46,65,51,27,54,49,47,42,102,63,64,40,92,66,62,22,59,66,100,79,68,83,65,70,39,64,68,26,83,87,98,27,43,58,140,35,57,57,144,41,40,33,72,58,50,102,34,47,60,33,40,42,50,68,54,59,21,98,59,58,24,56,52,78,68,69,94,118,46,41,41,93,19,56,55,50,62,29,33,26,56,22,28,44,33,46,102,31,63,77,37,44,55,54,60,44,44,80,52,50,59,45,62,36,49,65,50,31,48,45,55,51,113,206,42,58,40,101,56,58,68,210,46,30,52,43,95,45,51,48,47,47,55
TBK1,7,7,11,11,7,9,4,6,15,14,5,7,7,9,9,6,10,14,7,1,10,5,15,9,16,9,7,8,9,8,2,5,5,11,7,7,10,10,7,8,5,5,7,4,4,15,9,14,8,8,7,7,11,9,10,10,6,12,7,5,14,13,28,1,4,14,8,6,7,13,15,4,4,6,12,7,5,7,1,7,4,11,17,16,10,6,8,10,9,15,2,10,5,8,11,3,16,4,10,9,13,18,10,0,6,8,8,11,14,9,17,3,5,9,8,10,9,10,7,2,2,8,22,5,0,16,12,8,14,12,1,13,6,6,7,14,16,23,19,16,24,15,13,11,8,3,6,3,11,9,8,4,9,20,14,13,3,5,8,9,5,7,28,8,7,9,5,2,15,7,17,6,6,5,15,15,12,4,6,5,7,10,6,1,12,10,8,2,9,9,17,5,11,9,8,4,19,14,4,15,4,3,7,9,1,11,6,13,2,7,8,6,3,7,10,7,12,12,10,7,10,8,8,11,1,12,6,4,5,0,0,4,9,0,0,14,3,6,12,9,10,11,8,13,6,10,9,13,13,17,1,24,4,5,13,0,4,4,12,16,6,0,4,5,11,20,9,13,11,5,6,12,13,11,8,6,16,11,7,2,5,4,5,6,5
PIM3,94,94,78,59,78,45,75,47,59,69,53,57,111,49,51,51,114,46,64,55,27,48,50,48,79,58,101,57,26,60,132,53,53,58,42,44,77,44,56,44,50,58,75,50,42,99,46,45,47,47,58,58,80,52,40,40,45,152,49,41,50,57,30,29,48,49,58,61,65,83,65,73,86,52,105,132,33,74,35,47,30,48,127,92,111,61,66,62,53,226,40,35,106,29,38,62,53,75,46,46,67,85,81,200,134,58,44,58,55,38,68,44,66,106,48,50,52,67,53,57,90,41,45,74,107,54,24,142,31,97,42,91,32,32,55,40,131,22,36,64,83,90,70,66,42,50,64,23,20,53,55,119,119,61,76,84,53,88,45,40,63,62,62,63,57,33,45,68,98,46,40,60,67,64,118,66,65,61,44,46,62,38,96,309,115,121,138,90,32,34,55,27,39,51,39,76,49,45,166,32,40,62,66,62,88,36,14,24,46,182,58,32,76,54,40,36,34,26,92,59,109,213,213,91,106,44,54,49,61,46,58,118,41,36,56,79,51,66,100,136,62,59,63,64,54,53,93,23,23,46,92,49,57,44,61,77,74,63,48,42,26,43,42,181,73,19,31,87,58,63,54,57,97,21,61,89,51,51,54,32,50,74,46,46,54
MAPK15,1,1,0,3,2,1,3,0,7,4,0,0,3,2,0,0,1,0,2,0,1,0,2,0,1,4,2,0,4,3,0,0,0,3,2,2,2,0,0,0,0,1,1,0,0,1,1,1,4,4,6,6,0,0,2,2,1,3,0,0,0,9,1,4,0,3,0,0,0,1,1,3,2,3,7,9,0,1,0,1,5,1,2,6,3,0,6,2,0,11,0,0,1,2,1,0,2,2,2,5,0,1,0,9,2,3,2,2,4,0,4,0,0,2,0,1,1,3,0,1,8,0,2,7,7,3,5,6,3,5,3,6,3,3,0,3,4,1,2,10,1,0,1,3,0,0,1,2,3,0,0,3,0,6,12,5,1,4,0,3,0,3,6,1,0,5,0,4,0,4,4,0,0,0,5,1,7,0,1,3,0,0,3,9,3,3,6,5,2,4,0,0,2,2,1,3,3,0,0,2,0,6,3,4,6,1,0,4,5,3,3,0,15,5,1,1,0,3,3,3,7,7,7,5,6,5,2,0,2,2,2,3,0,1,3,0,0,0,6,1,2,0,4,3,1,5,2,1,1,8,0,3,2,0,3,3,0,3,5,9,3,1,1,2,0,2,5,5,5,0,0,2,4,0,1,1,2,5,8,3,0,6,0,1,1
MAPK6,35,35,36,18,47,25,46,13,27,31,14,15,114,14,42,19,27,32,24,13,24,22,31,21,35,11,50,24,27,17,96,18,18,23,10,10,26,11,30,14,20,22,43,12,12,75,22,24,20,20,76,76,36,19,18,18,13,22,26,16,21,49,128,44,6,40,46,8,22,22,31,120,15,161,104,59,62,25,38,40,58,106,72,65,22,41,35,19,12,10,20,20,53,52,61,57,76,32,12,102,39,35,21,120,25,19,32,17,21,31,21,15,21,105,13,13,21,11,12,23,51,45,35,125,113,83,130,223,105,166,205,121,125,125,32,56,136,74,39,105,124,75,90,20,9,65,21,115,162,25,20,97,36,43,37,37,47,54,11,10,21,16,51,9,19,77,11,116,36,18,87,17,23,21,35,30,50,117,19,51,17,20,10,190,38,28,11,114,20,21,23,16,12,26,56,30,33,48,29,25,14,55,34,7,219,21,22,109,60,19,19,25,72,46,34,25,25,41,75,22,111,147,147,89,111,45,40,24,18,43,34,55,32,47,80,33,18,39,29,54,18,17,33,9,23,46,18,40,40,38,220,23,31,15,17,211,24,222,24,121,70,148,18,64,55,117,93,50,16,21,18,9,85,33,26,206,54,55,38,29,16,62,15,10,21
PIM2,41,41,110,80,61,79,55,85,97,149,68,43,25,72,43,68,216,37,80,52,144,70,45,90,74,60,45,91,131,83,45,64,64,91,61,63,121,93,86,77,70,81,50,84,76,31,75,109,58,58,37,37,47,80,166,166,49,245,30,50,63,51,208,93,88,43,76,105,108,79,46,52,87,42,102,126,29,60,30,60,239,321,78,40,106,29,67,82,99,188,81,89,41,68,50,144,68,39,116,138,48,171,64,37,69,83,65,133,47,61,41,19,187,39,74,74,159,65,98,109,41,29,58,108,100,86,109,350,71,316,291,136,112,112,39,53,119,136,42,69,78,127,142,104,79,113,80,99,262,73,56,65,33,52,60,38,239,35,105,55,185,150,47,100,172,166,84,75,63,149,70,98,87,56,116,157,116,50,147,103,103,88,200,76,105,110,57,198,82,61,116,60,34,38,42,61,26,25,40,52,115,68,98,63,92,132,85,62,36,53,83,44,77,99,43,117,59,107,131,100,50,57,57,40,95,59,31,77,85,51,60,181,71,77,105,59,106,27,43,65,84,56,99,67,136,141,51,54,54,52,41,34,143,102,88,29,73,46,57,29,264,47,45,88,72,110,137,136,59,187,125,78,72,60,106,36,37,53,94,100,65,134,109,64,93
MARK3,19,19,29,9,10,12,21,11,17,25,11,11,11,10,21,10,23,24,12,17,12,13,7,10,9,30,19,10,22,7,14,12,12,9,27,29,35,9,13,11,13,10,17,19,19,12,10,11,12,12,4,4,19,10,6,6,10,7,20,9,13,21,11,53,22,18,14,32,11,12,14,27,9,11,9,12,10,9,12,24,12,15,12,18,14,22,13,6,10,17,6,13,18,12,7,19,25,3,13,36,17,20,15,14,55,9,15,8,7,18,7,17,10,12,10,11,6,9,10,33,6,5,7,18,26,7,9,30,15,29,24,22,12,12,10,16,37,12,14,28,13,12,12,23,18,20,10,13,10,12,9,21,14,7,16,9,7,27,17,21,9,8,11,31,13,41,15,5,20,10,13,8,13,12,9,21,14,12,9,20,9,7,18,7,17,15,19,22,12,3,14,8,8,7,7,9,2,5,23,7,13,16,12,23,8,9,26,8,4,14,9,16,17,12,9,12,16,15,18,24,0,13,13,17,28,15,32,9,8,13,16,11,14,15,20,15,6,10,23,8,6,12,26,10,5,22,5,11,11,14,19,13,24,18,9,14,9,34,10,0,10,11,11,14,12,21,36,15,10,8,10,10,31,7,11,2,9,16,11,15,13,18,19,15,49
AKT3,169,169,218,90,187,145,114,83,62,153,100,86,97,142,145,113,226,51,91,93,43,129,98,111,179,94,139,115,49,92,89,104,104,107,72,79,182,101,120,157,130,93,60,111,110,57,127,188,60,60,73,73,59,145,83,83,158,179,62,125,74,82,79,38,107,53,75,94,74,66,38,108,70,81,126,228,30,90,133,58,83,143,220,67,94,62,132,70,73,90,102,101,99,84,64,58,84,95,63,44,37,106,34,124,53,89,57,109,59,72,42,94,60,130,75,92,91,66,71,42,177,58,27,80,98,124,189,136,26,59,190,68,180,180,86,51,120,109,53,17,125,285,255,93,108,116,102,100,126,240,114,142,54,66,63,98,153,100,100,86,74,76,120,116,65,47,97,138,113,63,57,103,80,72,49,65,105,147,78,80,84,56,90,153,103,116,52,172,60,106,38,63,95,84,51,94,112,62,69,21,194,69,142,97,222,88,52,209,120,117,89,56,56,41,122,87,41,74,55,71,52,103,103,29,161,46,58,42,72,101,70,231,75,191,213,25,217,70,58,122,69,51,62,103,66,44,69,30,30,29,203,28,51,96,101,99,72,62,40,162,207,153,89,37,176,65,96,48,55,73,61,138,80,31,35,112,36,17,128,58,97,78,105,112,136
CSNK1D,22,22,18,10,18,34,9,9,5,16,10,13,8,27,12,25,22,8,11,5,38,27,16,12,15,21,22,13,3,11,5,9,9,14,14,15,11,13,17,21,28,12,3,9,17,8,12,9,7,7,3,3,3,12,12,12,8,9,5,18,9,3,4,10,17,6,11,15,10,21,7,2,18,8,5,2,4,10,16,9,9,16,9,3,6,10,7,9,17,48,16,6,13,16,16,1,10,9,17,12,7,12,7,3,4,10,24,13,13,6,8,12,9,32,14,17,13,6,17,7,1,11,3,0,3,11,16,5,6,10,16,12,11,11,14,11,11,8,8,1,8,11,2,2,11,9,12,7,22,34,21,2,7,9,3,6,12,20,31,19,8,11,14,15,10,10,9,6,5,9,7,12,9,10,14,7,8,14,11,8,10,9,4,0,0,13,5,3,16,11,12,14,14,11,17,6,5,8,3,9,18,9,10,13,5,17,9,14,11,47,10,13,1,9,18,20,3,9,9,11,2,0,0,4,4,7,9,8,10,10,6,8,8,12,7,6,15,13,1,7,9,8,6,11,8,3,11,7,7,6,7,5,7,11,12,15,11,12,1,7,13,4,9,10,6,12,3,2,7,10,13,17,7,15,10,12,7,7,20,9,8,3,7,14,9
NEK2,29,29,17,17,16,46,10,16,9,24,12,18,17,32,14,20,21,6,17,15,26,44,25,18,21,32,31,22,5,16,15,13,13,22,22,25,15,20,32,23,45,19,11,17,24,10,19,19,14,14,12,12,5,17,11,11,29,11,13,21,8,5,19,7,16,9,25,13,19,24,6,10,11,2,10,13,8,14,18,6,13,12,15,7,15,5,12,17,21,47,15,8,17,19,14,10,11,12,20,15,4,13,8,2,1,17,23,12,23,1,16,4,15,30,21,23,12,14,20,11,0,17,4,1,11,20,14,2,9,2,22,8,14,14,11,4,6,9,12,3,9,6,6,8,16,6,20,11,12,42,24,1,12,17,9,11,20,19,14,34,14,13,23,13,16,13,13,1,11,8,12,21,21,14,16,12,10,7,10,6,21,4,1,4,4,17,4,1,10,16,9,9,15,8,12,8,15,6,2,11,22,4,16,16,9,15,2,15,10,31,16,12,4,19,24,18,8,8,12,10,5,2,2,3,10,10,3,16,21,8,5,10,6,20,10,2,14,11,7,0,17,19,7,18,10,6,12,8,8,9,8,6,5,6,19,7,13,8,4,12,12,10,6,9,8,8,1,10,18,15,17,20,12,10,4,11,3,3,3,8,15,11,10,23,11
LCK,39,39,53,37,56,30,28,35,28,30,32,36,74,26,47,47,44,44,39,61,64,29,42,51,131,36,43,46,44,38,40,29,29,35,28,28,32,35,42,38,30,36,25,57,48,43,40,83,34,34,44,44,33,41,34,34,47,37,87,57,40,18,35,66,34,24,20,27,41,52,32,47,62,23,32,45,31,67,33,21,16,29,53,31,38,56,39,36,35,186,141,43,48,31,41,24,34,66,47,30,40,21,36,70,49,36,27,37,36,57,32,56,36,75,35,36,33,28,34,36,33,76,28,23,25,42,33,25,34,25,57,31,34,34,74,43,32,28,31,41,39,35,25,19,35,14,40,32,27,46,35,39,76,26,36,18,11,133,33,37,31,39,18,26,48,19,36,25,33,44,28,32,40,42,44,29,26,43,40,30,31,32,199,37,45,32,104,20,33,56,27,56,36,25,26,26,72,40,35,26,90,23,41,26,62,43,23,57,20,77,36,35,26,27,30,33,45,43,24,68,20,86,86,28,27,25,36,45,39,38,25,36,29,48,70,39,69,47,30,40,36,42,25,40,33,19,56,45,45,35,30,36,26,47,40,304,46,39,32,44,27,231,48,32,44,31,37,37,28,33,35,33,33,30,32,22,48,22,70,31,30,32,48,31,36
FYN,89,89,109,40,46,38,41,81,33,81,64,48,23,42,132,83,57,86,41,176,81,42,57,93,39,71,52,50,129,40,34,61,61,50,52,53,41,68,46,112,44,38,39,171,140,59,71,42,53,53,23,23,68,79,72,72,107,26,117,163,101,33,141,189,82,34,52,57,55,51,56,41,44,94,43,26,27,47,124,73,23,60,170,83,28,51,130,38,62,151,74,45,30,43,43,54,118,68,40,56,56,33,97,202,126,38,53,49,31,50,57,137,85,97,39,44,64,58,61,53,45,68,43,64,46,199,110,65,159,80,175,70,111,111,168,181,46,239,141,133,120,234,246,63,76,112,42,47,166,93,63,112,39,25,30,16,48,80,102,66,83,52,26,57,112,36,115,32,81,41,29,48,42,99,36,40,22,201,38,200,49,72,183,24,102,47,129,31,48,46,122,73,70,29,55,25,93,84,43,55,118,129,179,52,44,57,75,33,27,44,38,74,34,51,65,44,81,58,76,32,99,120,120,177,45,35,91,43,40,16,55,24,46,175,194,113,94,40,27,128,38,94,56,83,45,33,77,103,103,57,84,31,48,38,79,184,61,56,39,28,93,17,90,45,99,55,53,32,49,83,48,104,42,71,28,79,27,48,88,21,59,29,39,32,25
TRKB,50,50,45,41,33,39,43,123,55,46,93,37,34,43,65,84,58,60,42,128,31,30,40,96,26,50,53,51,41,31,35,96,96,40,75,81,42,97,48,73,31,39,66,123,106,46,73,27,84,84,24,24,35,83,30,30,58,143,68,81,58,25,144,191,45,45,38,58,56,36,57,32,28,20,25,27,42,39,49,75,90,31,35,56,29,52,59,39,45,193,37,46,31,44,31,84,31,29,42,21,42,34,49,97,63,39,28,50,37,22,87,75,88,20,36,37,35,86,45,54,25,37,23,65,97,31,51,66,160,32,176,30,55,55,23,75,21,75,55,81,32,49,91,29,105,31,43,49,167,67,30,57,41,21,20,22,130,81,41,67,86,36,17,58,78,21,80,20,48,42,20,50,43,102,37,41,23,59,39,93,51,45,203,61,58,48,46,84,51,47,39,38,35,15,18,54,17,38,79,18,72,56,17,76,23,89,153,18,19,45,39,39,68,39,48,61,50,60,27,17,30,124,124,83,92,52,38,66,41,25,32,114,47,75,25,74,46,41,53,55,39,97,58,57,46,75,44,104,104,24,46,46,81,65,81,70,63,32,42,19,39,39,37,47,33,56,25,33,74,85,49,39,22,72,42,27,42,27,22,22,93,31,40,33,34
EPHB3,6,6,3,7,3,7,5,5,6,2,6,9,4,7,4,8,7,5,8,6,11,10,6,5,3,8,4,9,2,9,8,6,6,8,6,5,5,5,9,6,10,9,8,5,6,7,7,2,9,9,9,9,4,7,9,9,16,5,9,7,6,11,5,8,9,5,4,10,5,9,8,7,14,4,6,4,9,6,8,8,3,5,11,5,4,8,4,8,5,5,11,14,6,4,6,9,3,15,8,6,5,3,6,8,13,6,7,9,8,12,15,9,11,7,7,7,10,8,5,10,11,9,10,8,9,2,10,3,5,9,4,7,7,7,6,6,8,5,5,2,6,3,3,6,7,5,7,5,5,7,10,8,11,4,11,8,9,10,7,8,7,10,3,7,9,8,4,18,4,15,8,9,7,6,6,4,6,3,12,10,6,6,12,11,5,6,18,13,7,13,4,10,10,14,5,15,12,10,13,5,6,7,1,6,14,8,10,9,13,10,7,7,13,3,4,6,7,6,1,5,11,12,12,2,9,6,5,10,6,23,12,7,4,6,6,12,5,9,13,10,8,7,9,6,11,7,10,6,6,4,6,9,6,7,8,12,8,5,11,20,4,18,7,6,3,1,10,6,8,7,12,7,8,5,9,9,12,4,6,16,9,5,9,8,6
STK4,28,28,28,25,23,17,30,29,29,13,40,26,20,19,28,43,20,21,26,34,16,15,17,32,12,29,30,28,23,24,27,38,38,25,36,38,14,26,25,37,16,24,65,33,32,28,37,18,39,39,25,25,21,37,25,25,40,24,40,37,24,10,16,27,29,16,21,29,25,19,19,18,17,7,15,17,18,22,27,31,24,9,19,29,20,32,65,27,24,183,34,22,21,15,13,25,12,22,32,8,20,14,26,121,36,25,12,28,24,16,35,48,28,3,20,20,26,34,25,26,14,20,17,13,21,12,11,12,23,8,15,9,13,13,12,18,5,15,13,23,10,13,20,17,24,16,27,16,9,32,17,26,22,12,18,15,10,15,28,32,30,27,8,24,29,7,25,9,23,30,11,23,24,24,13,22,19,18,26,34,25,28,40,29,29,25,31,11,22,24,22,42,21,12,11,32,21,22,47,17,34,13,15,27,2,26,58,10,12,9,25,18,28,15,28,22,20,42,19,13,32,20,20,41,16,20,14,25,25,22,19,95,22,17,17,24,29,20,22,20,26,23,24,29,27,26,28,34,34,13,17,16,42,30,32,19,42,11,34,5,11,41,20,42,15,15,12,26,37,26,28,19,14,16,17,7,23,13,2,17,37,23,27,24,22
TRKA,14,14,35,23,21,23,11,12,12,9,13,23,2,30,8,17,12,19,18,10,29,11,12,20,10,22,13,16,18,19,7,11,11,20,12,9,8,21,12,13,15,16,6,14,16,2,20,8,19,19,10,10,10,13,24,24,26,1,12,25,12,19,3,9,18,15,12,26,14,16,18,8,6,10,14,8,13,16,2,16,7,7,1,12,9,12,24,18,23,45,31,19,10,20,15,5,0,7,39,13,11,16,19,6,34,18,19,41,18,4,19,23,18,15,30,31,28,23,22,3,5,7,11,4,4,4,0,4,0,1,0,0,10,10,15,9,2,0,7,9,0,8,0,0,20,4,9,4,7,18,19,9,4,14,8,14,2,52,39,23,15,31,21,36,24,3,20,7,8,23,0,18,14,9,12,10,18,5,28,17,16,18,25,6,8,14,45,10,43,20,21,29,20,6,9,14,4,7,16,24,12,12,11,20,12,40,21,5,14,72,18,10,0,6,11,17,10,10,0,0,3,6,6,1,8,8,8,15,15,5,4,13,11,11,5,1,12,5,11,6,20,6,21,21,22,12,16,19,19,11,15,12,8,29,20,1,12,17,7,10,7,7,12,13,1,9,4,12,24,18,23,29,9,9,7,0,14,20,17,11,11,10,22,19,8
MAP4K4,74,74,44,79,105,76,97,64,49,68,67,78,213,68,67,125,128,84,81,68,189,87,68,75,99,52,83,102,43,59,104,65,65,71,41,35,63,74,97,114,85,80,63,66,57,68,79,59,56,56,77,77,53,95,76,76,84,73,44,66,84,119,14,78,106,84,71,85,91,115,102,145,106,74,79,105,140,61,73,69,68,67,42,45,85,83,46,81,75,161,209,65,133,63,53,135,60,147,94,96,65,74,109,115,79,78,127,122,54,112,63,96,136,83,94,90,93,61,73,213,195,100,86,58,79,40,47,62,54,54,32,67,94,94,158,35,63,32,77,175,58,73,48,36,54,102,89,81,24,70,70,75,238,33,106,63,143,192,90,64,132,131,35,115,111,124,60,84,79,80,39,115,90,84,92,93,95,136,83,75,82,102,110,185,37,95,63,192,98,121,83,165,47,69,93,187,113,82,103,77,39,38,33,54,106,87,95,73,116,111,78,54,30,49,68,34,127,54,40,87,43,240,240,69,73,191,65,69,86,126,163,67,99,107,85,42,119,139,203,74,81,76,82,59,119,116,85,223,223,98,217,131,128,121,89,205,155,140,73,60,76,283,130,43,98,40,90,76,53,133,163,55,61,107,86,42,221,63,75,50,64,112,91,122,121
EPHB4,18,18,27,64,51,43,24,40,36,27,37,66,221,35,25,37,60,59,45,42,58,56,54,35,144,53,18,33,35,69,105,33,33,33,54,52,46,49,43,31,59,65,40,40,38,25,29,99,51,51,33,33,24,32,41,41,95,64,46,33,29,23,49,28,33,26,27,41,52,146,26,45,194,19,92,114,26,50,52,48,29,127,70,20,95,48,60,72,80,177,281,48,59,26,66,28,59,50,103,33,31,26,50,33,16,67,31,53,65,51,53,33,76,92,61,58,38,56,79,96,35,40,37,96,88,46,97,38,39,26,72,117,97,97,64,46,47,50,29,33,47,48,57,27,66,25,68,30,67,39,46,24,60,23,47,29,57,78,30,48,76,55,16,42,69,38,38,66,136,59,38,80,46,44,105,55,38,24,58,91,86,39,194,66,41,52,169,199,69,124,50,34,46,22,29,55,91,57,36,37,53,61,19,53,80,55,17,121,30,210,67,37,16,23,31,47,36,40,33,89,27,173,173,15,25,31,27,38,69,202,28,54,23,69,27,29,96,105,87,24,71,80,41,56,51,50,70,42,42,44,29,48,30,42,47,327,35,37,44,101,82,42,39,30,60,22,48,54,50,77,53,31,36,48,27,31,62,37,30,28,55,46,44,58,76
YES,21,21,32,70,22,50,44,77,123,39,61,70,158,60,31,61,79,61,52,77,103,61,32,61,33,87,21,43,39,73,73,58,58,43,88,92,85,86,60,45,63,71,76,76,69,22,48,43,89,89,52,52,48,54,74,74,41,31,29,53,47,62,95,26,122,30,33,147,66,45,72,43,246,30,145,76,19,44,29,196,48,25,14,15,156,50,97,75,88,179,120,56,26,39,34,104,15,58,177,35,30,68,65,61,42,70,104,178,69,25,105,31,145,31,64,63,65,98,87,236,28,32,46,35,19,18,21,22,16,22,21,44,27,27,27,21,28,35,22,95,15,24,21,40,111,18,73,14,50,33,57,34,34,47,173,111,28,25,73,78,140,104,36,126,131,46,77,106,199,105,41,91,54,92,246,215,159,39,106,150,96,74,195,33,39,50,173,195,71,97,79,36,81,31,30,91,138,100,49,41,83,96,36,87,26,181,35,29,141,209,70,46,23,40,42,178,60,39,22,61,14,176,176,26,18,34,16,65,75,203,38,76,35,18,21,34,56,157,225,34,75,137,134,95,95,190,74,73,73,51,26,66,102,134,73,38,38,33,166,40,23,21,69,56,26,16,19,179,86,141,83,44,26,63,43,28,35,45,60,43,103,177,145,59,59
EPHA8,85,85,39,101,70,95,195,168,88,60,146,165,232,126,44,234,207,158,102,119,78,152,53,88,56,209,93,82,38,105,117,144,144,63,123,123,115,132,83,158,151,103,106,115,101,35,106,38,127,127,78,78,61,116,67,67,98,58,64,105,92,55,48,48,153,42,50,190,104,101,114,60,164,88,172,116,41,82,43,126,38,36,21,30,97,126,126,107,140,171,181,77,58,81,72,81,22,90,241,83,74,63,68,94,61,103,137,131,97,73,137,131,120,44,158,153,61,139,141,195,81,61,48,32,40,22,25,36,32,49,37,65,53,53,41,41,26,18,33,79,12,29,24,59,153,29,123,20,71,83,132,107,93,40,117,144,44,39,101,198,115,80,56,161,106,78,167,139,148,78,60,143,125,132,217,156,194,104,82,88,152,66,87,56,53,70,123,180,65,131,87,114,198,155,49,131,86,52,74,69,112,123,56,205,20,133,148,46,176,196,103,64,31,22,88,110,77,56,23,97,42,252,252,44,23,76,47,98,108,184,137,110,60,30,47,51,88,198,184,123,106,180,89,207,74,129,108,96,96,96,78,93,137,177,119,68,90,53,115,61,37,34,224,78,20,25,77,128,116,116,117,92,40,67,96,45,144,46,84,54,146,124,100,134,78
EPHA3,178,178,208,53,124,54,113,56,167,65,48,50,102,66,137,136,161,41,43,33,56,31,145,45,164,34,171,66,42,52,217,48,48,67,55,55,43,54,49,53,32,41,113,32,30,47,54,468,43,43,83,83,71,59,75,75,59,62,45,58,37,34,55,51,156,35,96,59,32,38,30,222,169,47,177,382,45,40,392,42,40,62,272,86,195,35,196,53,46,101,189,85,66,86,58,55,122,97,60,58,60,71,32,150,129,53,242,77,75,131,60,139,56,471,42,46,98,60,46,200,490,54,66,68,47,62,52,24,20,34,39,74,57,57,110,30,66,77,74,5,123,77,153,267,48,69,45,29,42,48,48,114,105,106,126,46,413,82,191,47,55,84,59,59,51,56,51,144,50,60,140,51,60,32,111,58,62,204,57,94,52,46,22,163,104,113,131,142,73,141,59,51,48,158,174,70,216,261,160,58,54,132,204,38,462,60,20,235,87,156,53,51,177,92,144,122,42,38,78,424,461,177,177,84,93,54,92,22,56,166,175,52,101,76,106,54,472,26,94,169,53,48,59,58,78,47,82,22,22,40,197,32,50,39,56,189,64,22,77,219,40,405,72,83,277,29,57,134,52,57,50,69,88,39,107,182,90,60,51,192,47,70,41,60,204
LATS2,12,12,9,16,17,29,14,18,8,12,16,20,14,24,6,12,14,13,23,16,20,25,22,16,13,25,16,21,8,18,13,16,16,15,15,17,9,19,20,20,35,20,10,15,14,9,17,12,18,18,19,19,13,15,17,17,24,15,10,19,18,12,8,15,11,10,9,14,20,15,21,12,13,28,11,14,14,18,17,14,36,17,10,9,12,17,9,16,19,42,13,11,19,23,23,12,13,16,16,26,16,10,12,13,5,16,22,15,20,10,10,25,20,14,19,19,18,15,19,15,15,22,18,14,17,14,13,14,19,21,19,19,18,18,16,17,12,16,16,11,14,17,14,10,17,12,17,17,23,17,22,12,13,8,5,17,30,18,15,22,19,23,10,17,18,17,19,28,9,24,16,20,22,18,21,8,15,13,20,9,20,17,11,35,7,9,16,17,14,14,16,21,17,17,10,29,18,12,7,12,27,27,6,15,11,20,46,7,18,12,17,15,6,2,14,30,13,11,14,19,16,17,17,7,11,21,11,18,17,14,10,12,12,13,19,9,17,16,10,17,16,16,10,16,20,14,14,16,16,15,22,22,17,14,14,4,19,16,13,17,14,25,17,17,10,11,15,8,15,19,21,13,17,19,41,13,17,18,43,23,18,14,17,21,16
BCR,26,26,16,22,27,59,20,23,13,45,21,24,19,48,26,32,50,23,30,22,41,46,36,29,25,39,28,39,17,23,21,21,21,37,31,33,19,25,45,36,49,29,15,23,27,19,32,22,25,25,17,17,20,24,23,23,34,48,19,28,25,20,114,22,20,38,40,18,29,29,23,35,16,34,13,15,51,29,23,13,65,71,24,21,19,23,11,23,25,182,22,23,32,33,28,17,37,20,25,67,25,22,28,11,11,23,30,24,25,17,18,21,23,81,27,28,23,19,24,20,21,27,41,15,75,97,83,48,79,62,153,33,40,40,51,36,33,37,54,67,43,37,47,16,23,58,23,73,55,51,37,44,18,15,15,20,32,67,26,39,22,21,19,20,23,27,23,14,14,21,33,25,32,23,28,19,17,48,21,7,24,21,8,21,11,22,15,23,21,23,34,26,18,20,31,28,28,20,15,61,31,25,18,19,13,28,40,19,22,36,23,21,18,30,51,35,23,16,42,39,34,18,18,18,31,58,21,28,24,21,29,19,19,58,33,19,25,15,19,22,22,24,14,25,18,17,23,49,49,82,35,27,19,22,24,16,23,23,15,15,68,29,26,15,21,47,40,14,23,23,24,35,47,34,34,23,29,49,74,27,20,19,20,26,26
CAMKIIBETA,51,51,51,138,142,88,71,115,52,128,152,94,122,54,102,48,63,73,144,95,82,109,71,83,89,74,55,133,50,138,62,150,150,163,62,66,140,133,94,104,109,140,49,121,93,82,93,67,66,66,129,129,66,117,93,93,85,176,52,67,116,104,138,79,67,72,64,55,98,131,136,61,91,175,76,64,68,94,114,45,196,153,136,43,51,67,37,97,106,194,86,81,77,100,84,91,52,76,44,115,99,93,99,122,64,136,64,61,127,235,71,83,81,115,79,115,100,99,104,51,166,224,167,138,81,73,104,72,52,96,64,54,96,96,124,73,235,129,102,37,57,86,55,41,89,70,163,33,63,79,130,140,43,88,105,61,151,196,60,44,79,85,77,54,54,110,82,126,84,68,204,144,66,144,91,112,58,124,69,57,121,62,41,191,60,99,108,32,86,79,111,44,107,71,175,57,70,68,53,87,80,160,87,114,187,73,48,117,70,116,135,135,79,102,50,63,67,31,277,239,203,81,81,43,74,236,109,89,77,34,172,57,111,89,88,252,61,130,51,225,97,107,52,49,77,73,73,88,88,160,99,210,60,60,103,175,116,130,49,128,110,150,49,70,59,128,55,82,81,81,55,118,89,83,243,327,208,172,175,52,110,44,45,66,200
CK1DELTA,100,100,57,29,139,64,58,52,30,76,45,61,30,53,57,147,120,30,32,60,36,51,72,46,53,43,108,40,69,26,25,45,45,39,33,36,36,52,44,64,53,30,33,43,46,20,42,36,32,32,21,21,29,46,44,44,50,289,57,56,38,44,152,64,98,20,49,46,36,46,24,13,93,56,113,92,54,32,250,34,32,187,214,22,42,30,141,32,59,232,200,36,42,55,54,23,64,37,35,74,41,46,42,104,38,29,69,43,30,96,40,149,49,230,54,53,40,43,58,40,55,21,32,82,117,176,215,21,58,28,193,157,82,82,88,37,138,154,70,36,154,102,118,52,62,85,35,117,88,78,45,125,35,29,22,31,282,53,118,56,49,33,31,46,63,75,71,73,39,26,58,37,33,50,30,23,29,123,29,108,39,31,27,174,74,61,50,95,61,40,40,45,56,100,53,34,56,36,46,36,45,144,110,68,100,50,28,63,103,185,29,36,85,60,56,38,28,32,64,121,214,132,132,101,58,18,46,41,33,52,235,31,25,44,68,49,227,32,24,142,32,63,30,70,38,27,30,53,53,23,13,25,33,51,44,241,55,19,28,51,30,134,81,22,84,75,21,18,35,49,42,60,27,68,38,57,25,33,65,48,43,16,35,49,29
PRKCE,155,155,205,51,72,162,39,53,53,111,60,69,54,129,229,132,56,57,73,81,251,153,93,65,36,113,168,84,57,49,214,59,59,82,126,126,66,67,193,68,152,70,64,80,103,90,109,62,75,75,79,79,65,76,69,69,105,16,66,108,72,178,140,87,80,86,137,56,53,69,54,219,165,178,42,62,70,84,122,39,201,38,52,216,191,127,28,49,91,77,71,44,142,82,114,34,114,47,58,92,77,65,71,231,125,49,237,73,67,48,54,136,37,93,62,59,96,53,90,52,44,64,113,63,200,135,48,64,65,51,174,43,453,453,165,178,44,137,137,129,67,46,89,60,72,109,55,95,165,138,88,54,163,100,43,45,124,174,188,107,33,82,90,56,71,79,78,58,44,55,63,46,79,47,60,28,34,106,54,39,47,68,89,159,35,73,125,29,99,45,174,72,45,82,82,66,179,142,76,264,117,127,59,50,43,85,72,74,82,90,49,69,33,190,140,116,46,104,36,16,95,19,19,81,43,231,147,100,53,231,54,23,63,237,102,111,91,61,52,53,49,44,36,52,75,23,42,210,210,97,443,99,25,61,74,32,92,107,29,64,38,124,65,174,41,53,85,46,72,34,64,64,144,136,100,76,147,111,258,188,57,38,60,79,199
MAP3K6,38,38,75,38,49,49,23,38,35,71,27,42,28,38,53,41,52,89,33,35,136,39,114,47,48,41,41,32,84,47,60,27,27,62,57,61,111,41,47,29,39,31,31,34,62,74,33,105,31,31,81,81,82,31,85,85,57,50,111,55,39,202,27,211,71,114,61,144,43,84,229,236,183,229,81,42,100,41,37,258,26,49,68,121,149,39,48,47,58,176,210,139,72,50,67,42,110,40,169,105,51,122,168,44,83,47,58,56,58,54,30,61,101,45,51,40,73,40,57,27,106,116,71,66,86,79,105,117,110,91,20,213,56,56,117,179,106,39,86,62,84,78,49,87,45,35,28,154,191,74,76,77,49,93,114,99,236,40,93,41,101,83,80,118,177,92,32,87,143,83,54,66,35,34,59,104,99,57,66,221,50,104,111,88,42,54,148,108,80,52,74,187,41,75,74,210,119,231,183,81,109,156,37,43,119,101,98,197,41,60,47,38,192,207,137,104,40,97,56,95,23,139,139,191,156,125,98,79,50,204,164,69,58,122,94,107,122,101,204,152,47,40,200,34,76,123,61,32,32,63,298,82,133,62,34,20,30,366,45,66,142,145,56,74,252,216,145,53,41,65,184,43,87,115,91,201,91,89,78,121,26,119,147,82,143
CAMKIIALPHA,97,97,56,35,59,33,54,32,102,93,42,35,40,36,73,53,117,49,51,38,104,36,69,63,49,61,104,44,94,36,77,42,42,46,45,47,51,39,41,34,37,49,77,36,59,76,47,122,61,61,100,100,85,34,56,56,63,287,53,52,43,185,279,201,94,73,78,43,49,44,69,76,88,100,107,135,124,30,83,84,46,160,89,219,114,64,137,34,36,229,42,55,110,70,87,157,143,78,28,157,123,44,38,198,137,34,146,32,45,142,69,143,46,53,33,33,53,38,35,206,94,43,183,123,109,103,270,145,170,155,185,242,248,248,122,65,227,95,113,235,197,60,75,196,30,212,38,214,174,56,41,120,125,188,133,49,135,90,49,80,46,66,65,41,41,191,34,147,61,47,106,42,53,43,67,72,42,65,46,210,35,90,100,169,121,122,141,92,41,38,68,30,28,258,137,59,201,106,168,112,63,63,106,33,200,69,55,238,96,99,34,90,242,198,41,52,97,205,97,230,112,130,130,259,210,89,113,84,37,189,248,28,76,186,113,128,54,71,104,138,34,41,100,32,56,86,40,71,71,120,94,112,61,49,30,79,50,124,129,122,58,277,43,96,116,207,159,90,60,47,39,32,105,84,123,188,55,126,98,201,41,80,49,37,211
JAK1,11,11,8,5,5,8,6,7,3,6,8,5,5,8,7,9,11,4,5,9,6,7,9,8,4,6,9,6,7,5,9,7,7,5,5,6,6,6,10,9,9,6,2,7,9,5,8,7,5,5,1,1,7,8,4,4,2,6,2,10,4,4,10,2,8,2,7,4,4,2,0,1,21,1,4,5,3,3,9,2,0,6,3,4,2,9,5,4,6,49,10,2,7,7,5,4,1,1,5,2,3,6,3,4,0,4,5,5,6,3,3,6,4,16,5,6,4,5,6,5,9,4,5,3,6,6,6,1,2,0,11,2,5,5,5,0,1,7,6,0,5,4,9,1,5,17,4,8,6,8,5,5,5,2,0,4,4,6,5,7,4,4,5,4,4,1,7,8,3,2,3,5,5,7,0,2,2,9,4,1,5,2,0,2,1,4,1,6,3,6,3,3,5,1,4,1,11,2,5,3,5,2,8,5,3,7,1,2,9,13,4,5,11,11,6,5,4,1,6,4,4,3,3,0,7,2,4,3,4,4,3,5,3,8,4,4,7,3,2,2,4,5,0,5,4,0,4,4,4,0,5,0,1,3,6,10,6,0,0,2,8,3,3,0,7,0,0,1,4,4,4,8,0,2,0,5,0,0,1,1,6,1,3,5,4
EEF2K,53,53,48,44,75,77,72,41,22,48,39,54,105,71,69,64,112,34,46,47,61,67,78,56,72,55,57,52,30,43,38,36,36,51,39,43,31,57,71,56,68,44,26,35,53,66,44,31,27,27,84,84,38,49,54,54,42,271,36,62,61,93,147,97,30,46,56,39,59,60,60,66,46,183,45,69,119,53,54,43,263,315,118,60,55,89,31,42,47,195,27,50,149,96,128,39,66,42,43,101,84,53,44,100,33,43,84,39,42,77,36,77,29,223,46,49,50,36,47,30,85,115,49,115,103,202,118,225,108,240,280,84,115,115,114,38,225,80,59,137,126,272,156,39,41,71,47,209,77,71,65,59,170,45,35,81,132,84,43,50,36,38,61,38,36,127,40,61,35,33,94,53,47,55,38,33,63,208,42,24,53,50,39,165,28,33,48,87,54,50,52,54,37,88,90,72,34,96,33,60,38,32,63,39,197,34,82,77,92,94,43,41,70,53,102,65,43,62,82,108,104,125,125,88,99,40,156,37,44,27,56,115,51,181,199,55,49,115,37,56,42,34,17,41,32,35,58,108,108,60,201,47,39,40,48,192,48,237,31,39,334,127,74,87,107,111,152,36,32,39,34,53,63,152,112,185,67,61,180,30,35,42,25,44,50
LRRK2,59,59,33,58,62,73,84,36,32,55,51,55,22,62,30,57,54,27,50,44,149,60,56,31,44,123,66,47,31,58,51,51,51,47,65,72,37,33,62,80,61,47,36,56,56,30,39,50,45,45,38,38,27,43,39,39,110,103,41,38,34,22,52,60,172,21,43,175,40,75,16,37,24,17,93,75,36,27,65,55,195,64,44,35,57,73,158,61,38,175,145,42,83,108,116,50,49,36,112,79,64,29,25,50,32,57,72,65,43,66,46,70,25,50,133,83,46,54,43,38,80,142,39,49,102,45,72,56,53,71,203,99,23,23,70,22,40,100,49,12,69,98,81,32,31,81,51,62,78,52,33,51,140,22,29,48,77,135,71,82,27,72,43,180,31,161,35,33,32,70,50,30,52,29,25,43,178,25,51,45,40,30,36,53,47,41,42,49,38,65,28,126,88,37,35,40,48,33,25,27,48,86,99,92,78,25,128,64,33,16,57,28,10,17,39,39,26,49,50,29,48,32,32,20,56,93,35,21,60,26,52,134,42,158,185,38,87,53,15,85,61,32,38,138,62,42,33,36,36,27,51,42,45,101,51,148,59,41,59,49,97,33,40,36,62,36,58,43,47,25,128,54,55,38,72,33,43,38,21,46,49,77,64,106,56
PDHK2,2,2,2,2,0,2,0,3,0,1,1,2,0,1,1,2,4,1,0,2,2,2,1,2,0,1,0,1,1,2,1,1,1,1,1,1,0,2,1,2,3,2,0,2,2,0,2,0,0,0,0,0,2,2,0,0,3,2,3,3,2,0,9,3,3,0,2,3,2,3,3,5,0,0,0,0,1,0,4,0,8,2,5,1,1,1,1,1,3,7,1,3,0,0,3,6,5,0,0,3,1,0,2,25,8,1,1,1,2,5,5,5,1,0,1,3,2,4,3,0,4,1,0,10,8,5,3,9,1,7,5,5,2,2,2,1,9,6,4,8,4,2,4,5,2,2,2,0,2,2,2,0,2,1,1,0,6,2,3,4,2,2,0,3,2,6,2,3,1,0,2,3,1,1,2,0,1,2,3,2,2,3,7,16,2,2,3,9,1,2,1,2,1,3,0,2,0,3,8,0,2,1,0,0,10,2,3,1,0,1,1,1,8,1,2,3,1,4,5,9,9,4,4,10,5,1,1,1,3,3,1,0,1,7,1,7,2,2,5,4,3,2,3,0,2,2,0,0,0,1,3,1,0,2,1,2,1,1,6,1,1,2,0,1,5,3,6,0,3,2,2,1,1,3,2,14,1,1,5,0,3,9,1,4,3
RSK-1,44,44,19,13,11,28,12,14,10,10,18,14,13,20,16,23,16,7,14,14,13,19,11,15,11,17,39,15,10,14,10,14,14,16,9,13,18,16,11,24,22,13,12,13,20,4,13,6,13,13,16,16,6,14,14,14,12,10,6,23,11,14,13,0,21,7,13,19,13,7,5,0,20,14,22,6,7,11,6,11,10,10,0,2,7,3,16,13,13,33,18,4,12,14,12,8,4,6,18,4,8,11,5,1,3,12,13,16,15,2,14,16,7,11,17,15,17,13,13,8,7,14,8,2,1,8,2,0,8,4,9,4,4,4,3,5,7,17,10,6,7,7,8,7,12,15,11,9,18,28,11,17,3,10,6,10,5,7,18,16,11,14,22,18,11,4,12,31,12,13,6,13,11,16,11,11,9,15,16,12,12,8,2,3,9,8,12,7,11,12,7,12,22,13,6,12,13,1,6,6,11,19,20,18,0,13,7,11,15,26,12,9,2,8,17,15,9,0,7,1,1,14,14,6,0,9,7,11,12,9,8,17,7,5,8,3,16,7,0,15,13,13,2,15,19,9,13,15,15,3,2,7,11,19,11,5,20,10,8,6,9,8,10,3,4,4,2,9,13,11,15,23,6,6,5,10,4,2,9,6,12,7,12,12,0
ADRBK1,40,40,15,21,14,24,15,10,11,19,20,22,26,18,15,24,38,11,21,11,9,18,19,14,17,13,36,17,6,22,53,19,19,17,8,8,25,14,16,19,23,18,14,11,10,14,14,15,11,11,32,32,14,18,15,15,14,25,14,11,15,17,12,5,12,12,17,11,15,11,11,14,22,9,40,35,15,13,15,17,15,20,20,13,52,15,27,21,15,26,23,7,27,13,19,14,9,17,15,11,10,15,13,10,7,20,14,10,19,14,12,27,14,43,22,24,14,18,15,18,54,19,15,17,10,15,20,13,12,17,12,16,19,19,9,10,19,10,11,7,17,23,11,13,10,13,18,18,14,15,18,18,30,19,13,25,40,17,12,11,18,18,24,10,14,15,10,89,18,14,22,19,20,11,19,13,31,17,14,21,18,15,13,168,10,12,14,85,17,19,11,17,16,24,16,19,16,9,10,13,8,52,14,12,151,10,8,26,17,40,20,20,22,4,15,13,6,5,17,15,39,28,28,9,12,11,13,14,20,15,9,29,13,10,16,8,32,17,9,19,21,10,12,12,14,13,17,12,12,16,24,10,9,10,16,21,15,15,9,21,16,14,15,8,13,14,18,19,12,17,16,18,29,14,18,44,15,10,15,13,17,21,6,17,18
P70S6K,73,73,43,47,168,109,42,49,26,87,29,56,86,69,49,50,69,63,37,39,40,141,80,42,70,51,82,45,32,45,56,40,40,45,73,57,104,45,96,84,86,46,27,30,43,67,36,58,24,24,43,43,43,40,32,32,83,292,65,51,54,24,158,45,27,47,31,23,50,162,39,99,26,75,124,60,65,37,72,30,110,220,112,44,50,54,80,45,55,43,60,53,91,127,123,20,61,28,24,61,85,75,39,114,20,45,80,26,33,53,29,57,35,124,93,67,30,27,55,17,65,99,36,93,80,145,165,108,100,203,107,129,52,52,75,48,98,52,40,59,77,199,136,37,29,66,50,80,61,130,105,134,96,41,34,64,142,22,40,46,42,24,78,22,30,85,47,83,78,25,86,61,38,46,34,35,94,219,27,35,64,29,30,184,36,34,25,107,39,29,33,50,69,70,48,21,23,59,21,45,55,77,129,41,215,27,47,184,72,58,45,55,95,48,67,45,37,55,53,88,85,56,56,115,72,29,53,30,48,37,72,128,53,106,143,41,120,140,18,75,45,43,22,60,25,24,32,60,60,45,218,33,29,37,39,100,29,51,23,91,129,144,41,26,67,94,62,35,33,45,33,75,62,62,55,200,64,44,76,38,28,65,26,61,46
LRRK1,36,36,46,54,73,55,45,128,57,67,49,75,103,67,93,94,110,88,44,63,57,33,60,67,65,35,27,67,59,79,30,49,49,68,56,58,69,99,50,54,33,43,42,59,51,64,55,44,44,44,53,53,112,60,78,78,39,63,47,83,77,56,18,95,47,65,39,38,81,57,122,223,78,95,27,67,72,70,240,76,25,24,57,87,30,37,29,77,103,185,38,129,33,47,44,86,48,100,114,32,82,72,75,98,130,75,29,54,76,35,62,76,59,356,68,47,67,93,103,102,84,71,84,69,48,63,27,128,49,53,40,45,28,28,48,62,29,29,44,83,44,50,93,38,106,47,58,50,43,38,96,58,28,60,44,77,50,264,67,36,89,53,60,60,52,23,118,21,51,61,48,104,61,75,112,59,35,205,60,42,109,76,92,62,61,51,132,86,75,142,94,75,71,50,88,71,95,149,81,78,73,31,61,55,194,61,81,20,44,207,75,122,178,93,91,123,86,61,79,47,102,183,183,85,97,39,52,106,82,104,142,25,66,32,51,75,97,63,95,131,77,68,60,85,47,76,83,66,66,41,198,62,83,28,84,190,47,114,43,67,41,228,98,48,66,43,27,51,54,89,32,71,44,99,57,183,46,79,238,42,48,41,42,81,88
PRPF4B,31,31,52,28,13,31,34,25,73,21,28,30,18,39,22,21,53,20,27,24,15,23,14,28,31,45,33,29,52,27,12,28,28,32,47,49,17,31,23,27,21,28,34,24,29,21,38,23,49,49,22,22,26,27,26,26,23,29,35,32,22,31,33,50,23,29,45,33,23,23,25,19,38,53,16,19,66,26,13,26,27,22,6,28,49,13,33,30,20,184,21,24,15,18,21,22,18,25,33,20,18,19,20,42,81,27,21,31,38,19,47,34,22,21,24,25,24,41,23,104,10,10,19,21,42,17,23,16,24,14,35,21,21,21,21,19,18,20,27,49,16,38,16,26,27,22,25,34,40,31,16,16,16,35,40,50,33,23,20,45,23,29,29,28,21,16,26,17,17,29,18,22,34,25,83,25,28,19,31,18,23,27,97,25,25,39,156,19,25,25,15,20,24,23,19,39,25,34,75,29,20,22,24,30,15,31,33,23,28,91,27,22,9,47,21,31,29,23,11,12,13,113,113,50,20,23,34,34,32,107,50,47,34,19,15,16,30,21,70,29,30,26,46,27,29,29,25,27,27,20,11,26,23,33,33,28,27,48,76,14,18,19,21,147,24,18,14,40,62,22,25,24,10,46,30,8,13,14,28,40,36,27,28,22,23
SYK,49,49,31,32,24,22,32,33,41,34,31,29,50,29,23,38,51,17,29,29,34,35,20,25,66,27,54,34,29,35,43,37,37,27,25,24,39,27,29,30,26,32,44,31,35,36,27,33,29,29,42,42,34,29,36,36,18,168,24,24,36,45,40,16,43,31,44,34,35,32,44,33,43,16,26,32,49,33,25,33,91,44,34,19,33,28,63,33,33,53,32,29,55,32,40,31,27,35,41,18,26,28,41,20,29,32,59,29,27,49,43,35,34,56,31,26,37,31,37,55,40,24,26,22,18,56,29,19,22,42,46,24,39,39,18,27,35,53,25,38,28,45,36,30,36,33,41,41,32,27,34,19,71,46,38,28,39,30,29,24,57,43,41,32,45,24,24,37,30,34,53,36,27,35,29,45,33,38,45,50,41,41,80,23,20,36,26,42,37,62,44,33,30,43,45,35,41,35,17,34,28,30,52,25,40,37,19,50,42,48,32,43,38,34,25,21,31,21,44,35,26,30,30,38,17,42,19,36,27,44,15,49,28,16,18,31,27,34,21,18,33,29,29,28,36,49,37,35,35,39,20,21,28,34,28,120,36,55,33,23,33,63,23,52,34,44,23,28,30,58,29,25,35,49,31,48,39,21,44,25,40,26,21,30,27
YES1,16,16,21,26,38,27,18,24,20,20,26,21,27,28,17,28,17,22,20,31,37,20,30,24,29,19,15,23,34,28,22,25,25,24,21,18,28,28,22,26,18,25,21,26,25,32,25,30,22,22,26,26,23,26,27,27,33,110,22,30,28,46,123,32,36,33,15,31,24,30,41,17,29,15,24,21,38,48,21,20,144,83,85,49,24,14,34,25,26,52,39,27,11,28,24,26,26,41,23,23,24,23,30,71,18,24,20,36,22,26,27,29,27,25,23,21,25,33,26,24,27,34,25,95,50,75,73,42,51,43,94,35,58,58,80,31,25,63,61,25,33,71,116,21,34,41,24,39,36,22,31,32,17,28,25,43,43,29,27,29,28,26,34,30,28,26,29,86,24,28,35,33,17,28,23,20,27,29,33,23,27,24,35,55,21,24,22,78,28,37,25,28,38,56,24,27,35,32,12,23,32,41,29,22,76,39,32,25,51,43,24,27,32,25,19,26,30,27,37,40,60,24,24,13,40,32,22,31,23,41,22,53,21,156,84,20,34,51,35,41,28,30,23,31,24,21,24,50,50,26,16,29,18,46,25,66,26,43,26,47,109,32,31,49,27,23,34,24,25,29,27,30,18,36,25,47,19,23,39,24,29,25,36,27,20
PDGFRB,93,93,70,33,98,40,93,54,68,50,55,25,71,61,76,40,116,90,35,41,28,37,48,55,45,44,76,41,62,32,44,62,62,36,46,41,99,47,37,50,36,42,92,38,61,104,51,47,52,52,35,35,70,51,33,33,43,153,98,72,57,48,156,69,28,103,34,30,42,37,182,57,48,188,52,41,63,38,32,67,94,65,84,57,101,68,82,29,29,51,30,30,60,74,71,69,44,34,29,24,88,55,47,126,19,31,63,44,32,34,52,43,33,55,29,30,31,37,29,25,79,63,57,61,23,100,94,104,117,92,82,40,54,54,57,101,91,118,72,80,71,152,242,100,57,67,33,72,82,66,53,144,67,108,45,103,128,34,34,65,35,25,135,25,34,28,63,145,40,43,61,38,37,51,54,47,52,112,49,85,30,40,54,81,82,37,60,185,31,28,37,43,52,90,40,36,24,51,30,46,103,45,157,29,125,46,70,56,86,56,31,139,183,45,59,60,61,214,38,37,103,110,110,79,42,28,37,39,28,59,74,216,65,29,48,61,85,116,48,130,29,45,64,68,28,68,36,77,77,34,76,37,56,56,37,37,32,31,74,58,101,62,52,62,51,77,59,39,43,36,40,45,65,56,44,132,45,41,90,37,61,64,57,35,35
ARAF,47,47,47,34,68,42,49,58,34,26,47,34,35,52,55,71,94,25,36,30,79,41,29,36,38,42,40,31,20,33,24,47,47,44,29,30,34,46,31,43,42,34,32,52,50,41,35,63,38,38,29,29,39,36,57,57,27,174,27,49,33,96,62,46,91,41,29,53,39,41,33,26,85,57,18,22,17,59,40,41,99,53,93,34,23,24,26,26,42,192,80,40,20,22,25,43,21,33,57,38,23,38,55,68,26,33,35,76,29,56,28,47,52,109,32,43,72,32,41,74,86,25,21,37,20,29,31,105,30,89,31,27,31,31,29,58,95,40,41,26,27,57,27,75,47,19,31,15,59,44,38,139,21,44,24,41,149,89,113,43,69,42,53,37,47,18,42,118,21,37,32,35,30,33,55,31,13,118,65,98,38,55,38,60,40,29,30,194,45,76,45,40,50,153,33,64,10,15,31,16,71,34,35,60,90,49,57,39,64,115,33,70,40,18,75,95,17,28,45,85,76,148,148,16,41,19,70,55,29,30,124,94,38,54,83,46,235,28,20,102,25,35,34,46,48,48,55,33,33,19,39,30,53,58,38,76,52,30,22,30,104,40,59,41,17,42,30,16,29,69,51,81,37,23,128,207,34,28,42,39,46,17,58,48,45
RYK,71,71,40,56,39,44,68,61,79,38,82,52,51,47,63,117,126,26,60,51,39,45,65,39,98,47,80,56,56,55,98,84,84,53,70,77,21,43,54,57,48,55,93,47,40,23,57,93,72,72,49,49,40,62,50,50,36,35,42,40,51,69,37,41,103,44,69,50,30,42,28,30,103,41,72,58,37,35,47,38,20,43,26,78,81,25,77,57,32,41,99,26,35,35,48,51,30,72,55,42,38,41,46,39,45,55,79,47,51,28,82,53,42,40,44,48,45,82,32,123,38,28,50,33,37,25,22,23,29,20,18,18,50,50,19,32,22,30,64,57,26,34,44,123,52,44,61,44,33,50,27,72,29,55,67,40,26,64,87,60,38,48,33,49,38,31,57,162,28,32,36,31,64,59,89,34,32,33,30,59,32,69,109,32,52,66,61,104,36,71,31,24,66,45,46,51,71,21,57,57,37,73,85,74,19,45,31,47,111,109,55,30,46,68,64,41,32,36,29,83,58,137,137,111,38,37,33,46,59,123,68,21,33,27,44,22,67,24,77,36,57,72,49,80,68,43,80,21,21,31,40,45,46,26,58,50,89,20,68,36,19,57,68,113,25,27,16,73,69,41,47,51,34,29,29,37,24,35,26,74,81,35,54,43,69
NUAK1,20,20,38,14,15,14,33,15,24,29,17,12,16,16,36,16,77,53,15,19,25,14,13,19,19,18,20,14,19,15,28,17,17,12,17,19,73,15,15,15,14,15,19,20,21,16,18,25,16,16,15,15,37,16,16,16,28,54,28,15,16,27,159,88,15,19,19,21,18,20,42,67,30,31,29,25,48,17,22,125,42,54,16,17,34,33,19,14,11,178,7,18,25,17,17,46,28,18,14,51,12,27,18,46,56,14,46,18,10,15,11,30,17,22,12,12,15,16,11,94,18,18,16,72,27,23,36,33,37,31,41,39,38,38,33,59,69,42,28,87,34,64,28,45,13,21,15,51,73,24,12,48,24,16,26,24,34,45,13,26,20,17,12,19,17,58,16,13,38,16,26,16,15,15,42,26,40,60,18,148,13,16,20,44,24,23,185,109,15,8,19,11,9,18,25,16,22,24,44,39,26,49,22,17,48,22,15,28,23,62,14,33,59,29,12,37,35,46,46,101,37,141,141,74,46,24,25,20,13,24,95,14,16,33,32,21,21,22,38,27,14,14,86,14,15,56,15,68,68,30,48,20,62,17,15,64,17,103,18,8,28,67,19,21,80,57,49,23,14,20,11,11,32,26,20,17,10,29,32,18,14,71,16,11,52
NEK10,63,63,64,27,95,48,40,27,23,36,35,33,47,37,32,81,36,18,28,25,120,38,34,40,22,38,71,36,45,25,55,32,32,29,23,26,24,36,40,48,38,27,28,27,31,18,43,54,26,26,45,45,18,48,28,28,17,107,17,39,41,58,58,179,50,23,72,37,26,26,22,16,49,26,100,90,57,23,53,37,33,35,50,47,45,55,61,24,27,152,43,33,39,36,45,41,29,24,31,48,43,30,24,119,22,26,55,40,28,37,26,45,26,37,28,35,32,25,27,44,151,23,44,24,191,34,44,41,35,27,84,20,122,122,31,24,17,24,26,32,25,39,35,54,25,45,29,202,52,55,29,56,23,32,33,32,42,50,54,28,25,30,27,35,27,49,27,56,26,22,66,26,25,31,27,24,47,70,23,47,26,26,23,111,27,46,29,52,40,33,30,39,25,42,44,43,51,16,27,35,25,53,31,31,52,30,41,38,48,42,26,23,37,44,36,43,21,37,43,34,22,65,65,34,193,73,43,23,26,28,114,27,31,207,112,32,53,35,28,52,24,25,20,26,26,25,31,55,55,61,33,67,21,36,46,71,31,28,30,37,61,35,35,57,29,30,24,25,22,28,26,36,25,42,53,26,21,39,34,34,32,36,32,36,40
DMPK1,69,69,62,43,66,53,63,57,44,66,38,38,21,56,85,114,124,33,34,49,123,34,62,59,59,67,77,42,113,42,29,35,35,52,48,48,20,59,38,55,34,33,37,60,72,38,45,53,41,41,30,30,30,38,49,49,79,163,32,60,48,67,157,74,101,80,66,48,45,55,27,28,37,40,36,54,89,42,67,27,189,58,105,42,26,47,148,41,48,158,95,49,46,78,77,49,38,53,54,78,108,39,74,110,43,41,78,46,41,105,51,91,40,74,40,45,44,44,48,46,22,38,63,20,35,85,89,98,140,118,199,41,88,88,67,60,59,65,75,107,54,108,40,78,49,62,37,75,95,82,49,35,64,38,28,36,24,188,121,91,54,34,49,47,70,83,53,35,22,31,82,54,36,57,26,32,21,52,37,55,55,67,49,30,50,43,33,41,50,69,63,49,62,105,66,38,42,30,28,67,67,24,116,47,37,79,44,69,37,106,41,42,42,66,61,40,52,35,49,42,81,22,22,55,35,70,50,61,43,35,40,62,48,93,125,66,112,23,25,21,41,53,31,77,42,30,46,83,83,91,21,57,36,52,49,93,58,27,38,54,72,139,47,38,23,83,39,30,46,56,30,49,56,95,83,63,59,74,35,49,33,24,38,40,41
HIPK4,15,15,14,20,28,20,16,22,18,18,19,19,15,22,19,15,13,16,16,21,14,16,18,23,27,12,12,18,15,21,17,20,20,21,20,14,12,22,26,16,17,21,20,16,18,34,23,16,17,17,18,18,16,21,20,20,32,27,16,20,20,26,32,25,13,22,22,12,21,17,13,29,12,29,17,28,34,19,24,18,88,37,29,27,18,18,32,22,22,8,26,25,16,11,30,18,17,23,19,16,32,24,23,128,15,21,11,22,16,20,23,11,24,18,15,16,22,21,21,9,23,16,14,47,45,35,28,81,44,33,36,29,25,25,22,15,42,31,18,29,23,30,53,28,21,34,19,38,16,14,23,22,20,24,19,26,85,13,22,14,24,20,20,11,22,20,21,30,16,20,21,24,19,20,20,16,11,30,22,22,22,25,21,112,19,20,27,30,24,27,20,18,19,21,20,31,7,27,22,19,19,11,25,11,73,23,25,22,25,15,21,19,27,38,26,27,15,25,35,26,29,38,38,24,44,16,23,19,22,50,24,44,20,46,34,37,19,19,26,38,23,22,18,17,21,20,20,29,29,18,110,15,15,16,23,13,21,24,20,24,73,103,14,29,30,28,43,20,21,24,19,22,16,22,33,53,22,24,45,20,22,22,14,20,13
KSR1,81,81,101,97,67,63,185,104,157,73,139,41,190,117,40,77,102,79,98,58,35,50,185,80,93,105,48,58,51,63,32,81,81,74,68,74,59,77,59,94,52,60,102,70,89,132,90,210,226,226,47,47,95,103,59,59,195,55,61,71,137,29,26,42,42,110,89,52,67,98,50,211,75,43,39,113,64,62,108,35,73,34,97,38,48,116,123,65,79,167,65,108,79,77,52,30,51,82,232,49,96,59,63,89,119,62,33,126,93,117,77,38,70,207,53,82,57,76,77,91,42,31,102,55,15,37,19,59,43,72,10,61,16,16,91,52,105,43,88,50,51,117,37,58,90,40,67,19,17,127,75,49,53,174,71,137,41,160,57,99,66,45,155,52,100,71,159,29,41,74,77,82,71,87,100,84,55,53,76,37,87,58,177,22,183,102,206,77,93,126,81,110,64,77,59,49,172,135,73,97,202,28,173,72,74,125,142,44,39,199,62,144,169,36,55,56,72,95,126,316,191,111,111,21,39,72,57,56,64,95,132,104,219,28,43,102,44,58,83,50,65,60,175,118,40,66,63,59,59,65,43,86,74,57,64,63,85,26,109,99,34,263,60,75,89,35,45,41,110,68,46,142,53,87,223,70,137,161,233,89,78,63,55,73,298
FGFR1,121,121,63,57,74,58,103,31,25,32,72,49,82,41,38,69,59,42,63,37,42,47,46,43,85,63,135,63,21,64,88,70,70,59,26,31,78,51,39,79,56,56,38,44,37,26,56,34,33,33,59,59,32,63,42,42,31,74,55,45,42,47,25,23,72,25,57,72,38,33,36,24,36,36,110,66,24,34,31,52,56,56,37,23,36,31,84,59,34,149,61,41,50,67,37,44,20,45,50,19,36,56,27,63,21,61,66,51,57,41,38,72,30,52,47,51,42,51,33,34,82,62,30,29,78,28,87,29,25,23,97,25,51,51,30,20,39,21,21,14,18,41,23,25,33,52,57,82,83,59,44,73,27,51,58,47,90,48,38,27,29,59,71,62,26,29,31,51,45,48,25,47,31,38,45,63,72,46,56,70,37,33,16,67,32,68,28,48,55,75,24,53,53,30,36,48,99,26,20,20,24,67,86,64,91,29,34,71,40,71,61,63,21,16,27,32,27,18,26,27,36,61,61,14,34,27,28,26,38,31,23,105,43,49,58,17,28,52,16,63,58,31,35,39,49,45,39,20,20,21,49,19,27,77,55,75,56,99,25,84,47,55,30,24,22,41,41,52,42,30,41,52,24,24,22,41,26,19,33,26,53,39,30,42,32
PKN2,30,30,58,30,29,36,26,37,31,35,33,27,29,40,33,42,25,31,40,32,47,28,47,54,34,28,32,49,37,30,26,30,30,38,34,37,27,53,36,40,29,37,23,42,36,37,50,35,36,36,69,69,28,47,45,45,21,19,23,43,46,43,24,35,51,32,48,70,37,31,35,22,35,107,21,33,35,46,20,25,53,23,33,32,41,42,15,28,28,37,24,31,56,38,33,32,24,38,52,31,29,31,33,34,23,30,47,104,35,21,31,22,32,35,26,27,55,24,28,41,34,36,42,27,29,32,18,17,17,15,26,15,83,83,42,29,15,25,30,48,21,25,19,24,37,27,34,40,31,36,32,29,26,36,41,52,8,32,36,33,32,70,45,45,33,22,37,72,27,50,23,29,41,49,79,38,30,31,71,19,29,42,45,72,31,30,51,16,44,32,51,35,31,57,34,33,39,50,26,42,44,10,21,36,34,74,29,43,50,51,30,48,14,43,33,88,47,33,21,23,25,45,45,32,32,48,45,57,34,33,26,30,36,45,36,18,35,31,34,32,27,38,19,35,37,28,29,52,52,50,103,40,32,75,43,25,37,71,35,27,21,48,22,103,38,13,22,29,26,31,43,38,28,37,48,18,33,34,64,33,31,34,74,29,39
