score,n_g2n_nodes,n_sig_kinase,kinase
5.854016614819582,79,73,ABL1
3.6705577525358017,133,73,AKT1
1,71,53,AKT2
1,73,83,ALK
20.79431823919263,213,96,ATM
11.846549580190297,143,108,ATR
2.8779404715511467,104,109,AURKA
1.520868590649679,104,67,AURKB
1,131,81,BMPR1A
1,117,101,BRAF
3.1364272510318005,114,104,BTK
2.060729562467172,58,96,CDC7
1,78,103,CDK10
1,78,100,CDK19
16.225571898062594,75,66,CDK2
39.39312001469206,113,81,CDK4
4.760971778360606,66,89,CDK5
7.568368531801974,106,82,CDK6
6.6561135587463935,114,87,CDK7
4.162829064404141,31,67,CDK8
3.62385345232753,114,96,CDK9
2.7107225494340637,73,67,CHEK1
4.240533506120747,25,47,CHEK2
6.65278033553845,95,115,CHUK
1,144,99,DDR1
1,79,89,EGFR
1,110,78,EPHB2
2.8065404597322785,130,105,ERBB2
1,89,75,ERBB3
1,92,82,FGFR1
1,90,64,FGFR2
1.9953038721170009,114,85,FGFR3
1,63,67,FLT1
1,74,67,FLT4
9.373982392185715,144,99,GSK3A
3.0180095086713665,61,46,GSK3B
1.7860275698541492,94,107,HIPK1
1,46,37,IGF1R
1.7087411252819882,96,100,IKBKB
3.080819158030578,57,104,IKBKE
1,46,58,ILK
1,61,102,IRAK1
1,70,92,IRAK2
1,104,77,IRAK4
1.3616126146034273,102,95,JAK1
5.034615251150353,122,87,JAK2
1,52,58,KDR
1,103,82,KIT
1,93,59,KSR2
1,88,78,LRRK2
9.694509524189998,142,97,MAP2K1
1,78,66,MAP2K4
1,153,127,MAP3K1
3.5382143542557767,116,107,MAP3K7
6.005630123097962,120,92,MAPK1
5.083863038433959,66,64,MAPK14
1.8736880915180498,71,69,MELK
1,111,88,MET
1,87,112,MYLK
1,72,91,NTRK3
1,93,95,PDGFRA
1,118,99,PDGFRB
1.9953038721170009,94,102,PDK1
1,73,88,PIK3CA
1,101,93,PIK3CG
3.720695963307368,125,86,PLK1
1.1971319865028962,97,81,PLK2
4.233767238141176,72,93,PRKACA
1,102,97,PRKACB
1.0989425249961697,96,86,PRKCA
1,60,74,PTK7
7.474803660452845,111,81,RAF1
1,76,75,RET
1,85,63,ROCK1
1,186,109,ROCK2
6.542058128207791,83,85,RPS6KA3
1,55,104,SNRK
1,65,70,SRC
1.2440997018332776,72,73,STK11
1,106,103,STK33
1,83,78,SYK
1.869058324312877,107,85,TBK1
1,90,70,TEK
1.4380531601205515,115,84,TGFBR1
9.384831888214821,54,88,TGFBR2
1,143,104,TNIK
2.046334515184911,96,83,TYK2
1,95,76,ULK1
4.189297927040604,92,78,VRK1
8.013816779200475,125,74,WEE1
3.8799741179760914,96,76,ABL1
1.6159459190630134,97,64,AKT1
1,74,57,AKT2
1,73,62,ALK
5.9535002138239985,76,95,ATM
17.94238775478993,130,76,ATR
2.119852459133378,91,80,AURKA
3.9482155980362768,107,82,AURKB
1,119,89,BMPR1A
1,143,78,BRAF
3.729236825276657,85,105,BTK
1,97,81,CDK10
1,84,72,CDK19
29.019991734412827,114,100,CDK2
27.413099564502918,74,69,CDK4
2.9751343427066463,74,62,CDK5
9.505260582139815,122,85,CDK6
3.0156648908428645,75,69,CDK7
9.831821855866737,121,86,CDK8
4.810437160519508,80,63,CDK9
4.052467291615567,123,92,CHEK1
7.222906228493731,30,24,CHEK2
9.650514803751653,93,82,CHUK
1,89,67,DDR1
1,114,84,EGFR
1,41,70,EPHB2
1,71,63,ERBB2
1,109,102,ERBB3
1,70,69,FGFR1
1,47,50,FGFR2
2.2664267968091862,76,96,FGFR3
1,64,57,FLT1
1,99,78,FLT4
4.7652099054545864,136,88,GSK3A
6.77605770487517,80,74,GSK3B
1,70,90,HIPK1
1,70,89,IGF1R
3.742625125129211,90,55,IKBKB
5.48944397914381,106,109,IKBKE
4.0555873934415505,42,64,ILK
1,42,98,IRAK2
1,115,105,IRAK4
1.0883045593902068,139,85,JAK1
1.971402146403993,71,67,JAK2
1,79,72,KDR
1,95,87,KIT
1,137,102,KSR2
1.4762042861947702,71,90,LRRK2
10.579012693042207,142,99,MAP2K1
1,109,76,MAP2K4
1,66,63,MAP3K1
3.1455482687031977,79,74,MAP3K7
5.672941729444033,74,78,MAPK1
8.52806225229803,122,103,MAPK14
4.043260171409073,84,84,MELK
1,98,89,MET
1,76,86,MYLK
1,123,87,NTRK3
1,81,92,PDGFRA
1,118,94,PDGFRB
2.2664267968091862,70,119,PDK1
1,86,91,PIK3CA
3.4770884850406283,38,48,PIK3CG
1,75,85,PLK1
1.4968678425661113,72,73,PLK2
4.1103979544642435,97,73,PRKACA
1,115,116,PRKACB
1,91,65,PRKCA
1,58,72,PTK7
2.5360400788692132,63,56,RAF1
1,84,68,RET
1,151,77,ROCK1
1,111,99,ROCK2
4.238030238284093,93,69,RPS6KA3
1,57,100,SNRK
1,93,65,SRC
1.676850933625174,43,104,STK11
1,94,87,STK33
1,71,75,SYK
4.402995444740855,75,76,TBK1
1,78,71,TEK
1.867924958307653,83,67,TGFBR1
8.89910816918807,111,88,TGFBR2
1,135,99,TNIK
1.5069303789558108,78,51,TYK2
1,69,65,ULK1
3.84269204410931,114,98,VRK1
8.907977597324896,92,102,WEE1
4.2986350152130495,49,50,ABL1
2.909709383834625,97,86,AKT1
1.3464412653573463,78,73,AKT2
1,78,103,ALK
23.014141312645037,134,101,ATM
1,49,71,ATR
1.3421529203994256,79,62,AURKA
3.796151191840536,117,89,AURKB
1,53,82,BMPR1A
1,69,75,BRAF
3.0691482485780845,73,91,BTK
1,96,109,CDC7
1,64,69,CDK10
1,82,79,CDK19
7.2320585123109895,27,62,CDK2
23.736352137257775,90,95,CDK4
4.606148437544414,85,72,CDK5
6.004327663422621,72,78,CDK6
7.125740667497175,99,90,CDK7
7.793313430914296,63,61,CDK8
6.5940370014527305,139,92,CDK9
1.9333960761926143,86,101,CHEK1
10.66255990498876,45,73,CHEK2
11.34618533995298,125,85,CHUK
1,92,88,DDR1
1.6646880261176669,79,62,EGFR
1,148,100,EPHB2
1,59,94,ERBB2
1,57,72,ERBB3
1,64,55,FGFR1
1,94,103,FGFR2
1,87,89,FGFR3
1,96,65,FLT1
1,102,71,FLT4
11.478585297554746,74,89,GSK3A
4.5239591710588,39,54,GSK3B
2.060525930324529,72,84,HIPK1
1,69,91,IGF1R
5.535382324730498,81,102,IKBKB
5.7247639010794344,52,88,IKBKE
1,70,66,ILK
2.2972449220009996,77,88,IRAK1
1,27,39,IRAK2
1,93,67,IRAK4
6.506462496639196,64,116,JAK1
3.787975880147727,61,63,JAK2
1,75,90,KDR
1,47,96,KIT
1,107,79,KSR2
1,70,60,LRRK2
9.628848199732161,127,88,MAP2K1
1,109,77,MAP2K4
2.853424469978168,105,103,MAP3K1
1,74,82,MAP3K7
14.194682454035576,58,87,MAPK1
6.260421428314012,67,61,MAPK14
1.455501337845043,111,103,MELK
1,91,80,MET
1,158,88,MYLK
1,27,29,NTRK3
1,66,58,PDGFRA
1,170,112,PDGFRB
2.281701717493778,65,84,PDK1
1,69,101,PIK3CA
1,84,114,PIK3CG
1,97,123,PLK1
2.0494042901342655,34,99,PLK2
1.8275563890763988,42,55,PRKACA
1,46,79,PRKACB
3.077846530483869,105,105,PRKCA
1,139,84,PTK7
9.004018009042335,109,80,RAF1
5.320010828897745,86,81,RET
1,65,75,ROCK1
1,114,109,ROCK2
6.472021394694746,69,94,RPS6KA3
1,95,81,SNRK
1,117,107,SRC
2.1522328623262625,115,93,STK11
1,95,64,STK33
1,75,93,SYK
2.587201524447452,148,101,TBK1
1,77,88,TEK
1,86,59,TGFBR1
7.842334940783601,48,47,TGFBR2
1,103,81,TNIK
1,25,24,TYK2
1,68,89,ULK1
1.671974822974737,123,82,VRK1
8.870567475678458,94,70,WEE1
6.38869733874991,45,43,ABL1
5.736597633843557,69,90,AKT1
1,64,52,AKT2
7.750537104434916,139,93,ATM
1.8232618029146714,61,59,ATR
1,66,63,BMPR1A
1,52,100,BRAF
4.1695876414823525,113,136,BTK
1.7878440273978136,77,88,CDC7
1,81,71,CDK10
1,71,70,CDK19
7.389890685992183,74,88,CDK2
25.93096478016158,97,89,CDK4
1.5136787857498941,67,62,CDK5
7.601149857166008,42,52,CDK6
8.251827299668395,87,72,CDK7
1.326548319539768,65,67,CDK8
12.84581677467289,140,109,CDK9
2.1005313835183346,83,69,CHEK1
2.523723826017157,78,60,CHEK2
1,41,47,DDR1
1,156,101,EGFR
3.105371147608073,96,111,ERBB2
1,96,97,ERBB3
1,74,101,FGFR1
2.222127732200119,84,68,FGFR3
1,68,96,FLT1
1,127,100,FLT4
6.440539670118817,92,77,GSK3A
21.19225298294081,106,105,GSK3B
1.468865092386526,137,125,HIPK1
1,86,50,IGF1R
1,52,61,IKBKB
2.4995179350656893,86,63,IKBKE
1,139,126,ILK
1.816494571105539,115,127,IRAK1
1,61,67,IRAK2
1,96,65,JAK1
5.3384186449114726,110,83,JAK2
1,82,79,KDR
3.4233537142970545,65,59,KIT
1.9960605166131533,155,125,LRRK2
2.7319849888429553,111,85,MAP2K1
1.9314535964959558,79,84,MAP2K4
1,49,79,MAP3K1
19.347515806489856,192,111,MAPK1
9.961138067642903,44,86,MAPK14
7.456063903464779,57,56,MELK
1,107,113,MET
1,59,107,MYLK
1,157,127,PDGFRA
1.5397819532767467,163,131,PDK1
1,66,73,PIK3CA
1,70,71,PIK3CG
1,85,90,PLK1
1,56,77,PLK2
5.7010919843100085,76,93,PRKACA
1,58,56,PRKCA
1,68,59,PTK7
4.597844977041115,121,85,RAF1
4.859175862740579,100,118,RET
1,83,59,ROCK1
1,111,91,ROCK2
1.3806265022525055,95,67,RPS6KA3
1,83,77,SNRK
1,88,75,SRC
1.2902344294914079,65,86,STK11
1,50,99,SYK
3.458142398560763,50,56,TBK1
2.3029081681874977,56,61,TGFBR1
5.782677134144525,67,71,TGFBR2
1,107,112,TNIK
2.385508779800023,93,70,TYK2
1,152,79,ULK1
1.9866087784893958,83,74,VRK1
5.23039341639558,120,89,WEE1
1.3287145443288095,30,39,ABL1
5.946209635773794,127,94,AKT1
2.0880998825372505,94,104,AKT2
1.6475227444306133,106,85,ALK
2.322068569283638,46,50,ATM
1.4000161692565132,66,59,ATR
4.613364080792913,134,98,AURKA
2.0520110562106004,111,81,AURKB
1,92,75,BMPR1A
1,84,86,BRAF
2.040662799768414,165,121,BTK
1.3176093210171602,129,82,CDC7
1,63,51,CDK10
1,92,71,CDK19
11.68474287892419,73,77,CDK2
26.955685269126953,87,90,CDK4
2.9707418529179774,57,85,CDK5
3.8902289233067493,66,62,CDK6
5.23074311569845,64,90,CDK7
5.540224769446192,56,79,CDK8
6.924388222130794,136,86,CDK9
2.1448196885381314,78,82,CHEK1
1.9622944063581784,99,95,CHEK2
9.728814505677327,80,90,CHUK
1,138,88,DDR1
1.131364071797616,67,91,EGFR
1,102,108,EPHB2
1.9989278579925858,91,101,ERBB2
1,112,97,ERBB3
1,119,96,FGFR1
1,66,62,FGFR2
1.7730009905039887,135,88,FGFR3
1,74,70,FLT1
1,125,77,FLT4
10.097981511350374,124,111,GSK3A
16.128091338595876,95,119,GSK3B
1.4992025437390095,130,70,HIPK1
1,119,102,IGF1R
2.94105315581088,46,51,IKBKB
2.432476996061926,92,79,IKBKE
1,56,66,ILK
1,87,94,IRAK1
1,73,85,IRAK2
1,57,57,IRAK4
1,43,63,JAK1
4.826156887097758,80,77,JAK2
1,133,73,KDR
1.4908397562763755,68,71,KIT
1,84,92,KSR2
1,88,79,LRRK2
4.123853416412934,110,126,MAP2K1
1.1371982881190115,143,75,MAP2K4
1.9153113138435165,39,70,MAP3K1
1.1382384524505702,113,104,MAP3K7
13.98619784896535,109,72,MAPK1
6.494020249844344,83,82,MAPK14
4.260736957700657,65,73,MELK
1,56,59,MET
1,62,55,MYLK
1,74,71,NTRK3
1,150,105,PDGFRA
1,75,66,PDGFRB
1.9627199351398215,105,97,PDK1
1,60,97,PIK3CA
1,31,46,PIK3CG
1,68,91,PLK1
4.202747402486728,51,94,PLK2
3.050723186566304,54,112,PRKACA
1,46,46,PRKACB
1,87,63,PRKCA
9.854782154142468,96,112,RAF1
5.935079621713863,66,63,RET
1.030349486685547,89,84,ROCK1
1,65,91,ROCK2
5.742427480205697,221,127,RPS6KA3
1,80,97,SNRK
1,54,87,SRC
1,101,82,STK11
1,69,85,STK33
2.701608960254294,74,108,SYK
3.5679940645676265,93,96,TBK1
1,121,106,TEK
1.6871568636605496,97,72,TGFBR1
10.538257508654153,66,62,TGFBR2
3.5296500644317312,65,92,TNIK
1,54,107,TYK2
1,86,77,ULK1
2.1759723371189312,58,58,VRK1
5.680609025880087,86,97,WEE1
7.664841455472263,95,98,ABL1
5.970495663717675,104,100,AKT1
1.30497805165298,80,79,AKT2
1,31,38,ALK
16.771887851789952,126,95,ATM
3.6894815401456476,49,24,ATR
2.3864771264238294,130,66,AURKA
2.330191639092141,131,76,AURKB
1,102,84,BMPR1A
1,131,76,BRAF
1,104,75,BTK
2.099448135974475,44,125,CDC7
1,115,107,CDK10
1,67,73,CDK19
11.760556893944157,36,59,CDK2
20.57445365482467,90,67,CDK4
2.254201811952936,86,76,CDK5
8.07124302863756,85,90,CDK6
8.254415849566676,114,76,CDK7
14.424142100585149,172,118,CDK8
6.642560862494762,43,74,CDK9
5.3873397679721124,59,61,CHEK1
4.678406847323787,118,104,CHEK2
2.9980782929252676,108,80,CHUK
1,110,89,DDR1
1,74,68,EGFR
1,95,113,EPHB2
1.496079293141605,83,88,ERBB2
1,112,82,ERBB3
1,108,76,FGFR1
1,86,81,FGFR2
1,93,84,FGFR3
1,42,60,FLT1
1,133,101,FLT4
4.427891350426805,146,82,GSK3A
10.126893088399106,99,99,GSK3B
1,61,63,IGF1R
3.4075064325318407,87,73,IKBKB
2.3894906133267964,95,76,IKBKE
1,78,69,ILK
1,104,73,IRAK1
1,66,87,IRAK2
1,56,80,IRAK4
3.6548152265665004,88,75,JAK1
7.544786293519827,100,82,JAK2
1,90,71,KDR
1.0438965194243464,104,88,KIT
1,111,91,KSR2
1,92,80,LRRK2
2.1030921862352128,88,86,MAP2K1
1,115,110,MAP2K4
1.1874129984768158,97,97,MAP3K1
4.681485881216193,131,87,MAP3K7
13.271809510340198,130,81,MAPK1
9.442528848557949,123,88,MAPK14
2.349276734633558,41,88,MELK
1,115,109,MET
1,27,51,MYLK
1,174,114,NTRK3
1,87,85,PDGFRA
1,80,72,PDGFRB
1,58,67,PDK1
1,89,63,PIK3CA
1,83,83,PIK3CG
2.5771047401466527,143,105,PLK1
2.6850637735582077,119,104,PLK2
1.4472233836303412,41,74,PRKACA
1,73,95,PRKACB
1.6344811775625274,140,124,PRKCA
1,68,76,PTK7
2.5907534392916447,61,66,RAF1
1.1595449840067935,98,85,RET
1,78,71,ROCK1
1,113,93,ROCK2
4.834166323088307,106,102,RPS6KA3
1,92,92,SNRK
1,123,85,SRC
2.8740730441652698,60,80,STK11
1,91,77,STK33
1,103,103,SYK
2.3147428752563584,82,87,TBK1
1,82,93,TEK
1.9813605596581723,80,83,TGFBR1
8.826002914942302,106,110,TGFBR2
1,113,119,TNIK
1,69,75,TYK2
1,128,93,ULK1
2.2119731435538004,58,63,VRK1
8.241215380989562,113,114,WEE1
7.2142514889705165,67,74,ABL1
4.133068440599621,87,78,AKT1
3.5979426722128727,53,77,AKT2
1.3920535555339468,132,112,ALK
5.335712915332535,78,60,ATM
7.367917469613671,147,86,ATR
3.328076029305754,133,103,AURKA
3.738831337092138,89,68,AURKB
1.642794621202345,62,45,BMPR1A
1,101,69,BRAF
2.1062568277837292,98,85,BTK
1,94,99,CDC7
1,78,100,CDK10
14.662251769297608,63,66,CDK2
28.994778553516486,64,71,CDK4
1.64378984889372,52,111,CDK5
7.698343561027093,101,87,CDK6
1,62,77,CDK7
13.130655973146641,104,103,CDK8
5.834662535715246,53,80,CDK9
7.515271870918298,68,90,CHEK1
6.579031224257538,131,111,CHEK2
4.331236589697763,72,82,CHUK
1,59,61,DDR1
1,140,83,EGFR
1.4076997825166708,47,55,EPHB2
1,61,90,ERBB2
1,129,91,ERBB3
1,67,55,FGFR1
1,82,66,FGFR2
2.432439047148512,62,65,FGFR3
1,60,61,FLT1
1,38,60,FLT4
3.549610369500023,79,65,GSK3A
9.13981541325228,71,99,GSK3B
1,55,82,HIPK1
1,55,59,IGF1R
4.68930216357382,167,121,IKBKB
1.100832425687547,77,69,IKBKE
1.006093962856613,107,106,ILK
1.7562354715778672,121,108,IRAK1
1,51,51,IRAK2
1,153,86,IRAK4
1,108,78,JAK1
6.212398904959022,91,75,JAK2
1,71,73,KDR
1,56,72,KIT
1,136,97,KSR2
1.1249395599588337,103,93,LRRK2
2.7150123842582734,64,61,MAP2K1
1,79,75,MAP2K4
1.5583870186150741,74,71,MAP3K1
1.943764206749871,76,58,MAP3K7
17.91463443934682,93,80,MAPK1
8.833131347912776,100,100,MAPK14
2.408565897321552,34,35,MELK
1,117,90,MET
1,73,96,MYLK
1,69,62,NTRK3
1,81,79,PDGFRA
1,115,113,PDGFRB
1,70,55,PDK1
1,72,80,PIK3CA
1,60,83,PIK3CG
1.3028116314807148,99,103,PLK1
3.088371741209733,77,106,PLK2
1.0763340298305515,58,75,PRKACA
1,85,119,PRKACB
1.2196872846700553,97,96,PRKCA
1,60,62,PTK7
5.249971426340324,60,62,RAF1
7.493128400239558,81,74,RET
1,131,74,ROCK1
1,93,96,ROCK2
4.037606064244908,137,96,RPS6KA3
1,95,71,SNRK
1,79,77,SRC
2.0857233613294306,118,92,STK11
1,119,66,STK33
1,62,63,SYK
1.9948819402683746,104,95,TBK1
1,72,81,TEK
1.3392592668881207,117,81,TGFBR1
8.090451009944758,63,72,TGFBR2
1,78,108,TNIK
1,68,92,TYK2
7.179392544902908,79,79,VRK1
5.925538092034044,78,74,WEE1
10.917778829309226,132,95,ABL1
6.652176052512768,107,88,AKT1
1.9124565025808358,107,102,AKT2
1.977897597434089,71,75,ALK
4.817314241914688,80,53,ATM
11.785002146157549,97,100,ATR
1.000183903300007,29,57,AURKA
4.870776200366848,52,95,AURKB
1,65,103,BMPR1A
1,86,99,BRAF
2.229363277774183,101,78,BTK
2.491830723602931,38,38,CDC7
1,160,83,CDK10
1,85,98,CDK19
27.78047268883261,133,101,CDK2
28.723754084573933,93,69,CDK4
4.062136321063975,95,87,CDK5
5.141202119645533,110,64,CDK6
6.420277625160013,88,67,CDK7
5.707640931002178,56,66,CDK8
7.685787118328024,118,98,CDK9
2.217474653997514,128,65,CHEK1
8.82375461072505,160,81,CHEK2
15.690708440617913,138,120,CHUK
1,44,64,DDR1
2.1523896777925486,104,105,EGFR
1,136,74,EPHB2
1,89,75,ERBB2
1,137,82,ERBB3
1,76,56,FGFR1
1,97,91,FGFR2
1,145,89,FGFR3
1,49,51,FLT1
1,91,78,FLT4
7.024061143233225,128,85,GSK3A
8.714677366737128,92,83,GSK3B
2.417855499866639,50,75,HIPK1
1,70,54,IGF1R
2.9479356043387304,106,82,IKBKB
3.6775549404953773,118,96,IKBKE
1.0037267771542155,31,61,ILK
1.9416764703973657,104,86,IRAK1
1,95,56,IRAK2
1,60,78,IRAK4
3.128190929751507,102,104,JAK1
4.775121226926718,85,59,JAK2
1,88,88,KDR
2.0812984241657397,29,56,KIT
1,139,77,KSR2
2.4313012170494805,124,120,LRRK2
1.213599166720174,74,71,MAP2K1
2.2348561271298837,145,98,MAP2K4
1,34,39,MAP3K1
2.79166358700372,45,65,MAP3K7
15.198689634496755,61,94,MAPK1
4.607636859870663,110,101,MAPK14
2.0181249303457083,61,78,MELK
1,152,82,MET
1,75,94,MYLK
1,91,76,NTRK3
1,77,91,PDGFRA
1,107,86,PDGFRB
1,91,70,PDK1
1,40,48,PIK3CA
1,118,68,PIK3CG
1,40,83,PLK1
1.1318554858150154,114,114,PLK2
4.812278506951401,112,107,PRKACA
1,120,117,PRKACB
1,80,75,PRKCA
1,125,104,PTK7
3.9265015155872574,78,88,RAF1
5.565584798509237,79,76,RET
1.0990982173199157,85,96,ROCK1
1,83,72,ROCK2
6.239731303443455,120,96,RPS6KA3
1,80,69,SNRK
1,126,68,SRC
1,67,63,STK11
1,126,119,STK33
1,85,78,SYK
1,105,91,TBK1
1,75,59,TEK
1,97,119,TGFBR1
5.58946174353821,113,97,TGFBR2
1,122,105,TNIK
3.7020549741462716,66,75,TYK2
1,94,67,ULK1
7.578617067899107,63,103,VRK1
6.141028752338215,70,58,WEE1
8.712586904998336,75,64,ABL1
9.427178051202729,64,57,AKT1
1.1211676659482621,98,123,AKT2
1.947253789833284,74,64,ALK
12.843025591556694,83,107,ATM
6.658104676547907,98,110,ATR
4.360825651075024,118,89,AURKA
4.796676484351169,74,61,AURKB
1,155,105,BMPR1A
1,64,81,BRAF
1.255508700348954,103,110,BTK
1,177,112,CDC7
1,93,138,CDK10
1,70,59,CDK19
7.968097981522518,70,80,CDK2
10.578025655406,61,48,CDK4
1.3124673109397653,54,54,CDK5
1.93679441674537,52,55,CDK6
9.088567194481016,102,110,CDK7
12.907216925354552,102,105,CDK8
11.020819594517379,131,134,CDK9
2.3278726845787343,124,103,CHEK1
8.16394809952603,76,105,CHEK2
6.524787232198457,59,99,CHUK
1,164,126,DDR1
1,81,89,EGFR
1,123,84,EPHB2
6.404971226414222,88,91,ERBB2
1,70,66,ERBB3
1,137,102,FGFR1
1,84,104,FGFR2
1,66,83,FGFR3
1,63,45,FLT1
1,140,113,FLT4
1,55,35,GSK3A
14.76538937951013,78,106,GSK3B
1.7749689221112002,95,102,HIPK1
1,92,77,IGF1R
3.44221138847333,89,81,IKBKB
3.599461716182783,116,115,IKBKE
1,62,35,ILK
2.329172785787641,71,101,IRAK1
1,99,83,IRAK2
1,38,40,IRAK4
1.3032902721096675,107,128,JAK1
4.441624229128405,95,92,JAK2
1,62,53,KDR
1.0734886328406383,96,71,KIT
1,43,71,KSR2
1.186843988812735,90,85,LRRK2
1,49,52,MAP2K1
2.0477310850405406,69,116,MAP2K4
1,54,49,MAP3K1
1.9167216759847614,69,58,MAP3K7
15.7210154788931,107,108,MAPK1
5.595150680599314,65,81,MAPK14
5.65649650205803,118,104,MELK
1,131,102,MET
1,75,76,MYLK
1,88,122,NTRK3
1,62,66,PDGFRA
1,50,61,PDGFRB
1.9416764703973657,113,106,PDK1
1,82,88,PIK3CA
1,98,90,PIK3CG
2.7349835893273977,70,74,PLK1
4.789420124359444,115,96,PLK2
7.1404209292104825,91,99,PRKACA
1,27,39,PRKACB
2.672917833145876,89,97,PRKCA
1,83,139,PTK7
2.4827983172445913,64,73,RAF1
4.098177269204239,58,58,RET
1,83,101,ROCK1
1,139,73,ROCK2
6.34335654636821,110,100,RPS6KA3
1,130,98,SNRK
1,62,85,SRC
5.185471855536905,124,129,STK11
1,83,77,STK33
1,75,69,SYK
6.625117425338953,121,103,TBK1
1,49,54,TEK
3.0489244435475453,173,131,TGFBR1
7.083062213498193,88,99,TGFBR2
1,73,76,TNIK
1.3277439596133638,155,105,TYK2
1,85,91,ULK1
4.141945082728081,99,95,VRK1
6.014880362511407,84,76,WEE1
3.1002199430949156,70,76,ABL1
12.717320727875181,122,111,AKT1
1,132,89,AKT2
2.094740223405245,70,66,ALK
14.343612999139099,221,129,ATM
1,55,49,ATR
1,73,69,AURKA
8.196262943208744,92,110,AURKB
1,68,54,BMPR1A
1,136,146,BRAF
1.8861475952515594,113,105,BTK
1,164,101,CDK10
1,71,97,CDK19
7.57182987627843,99,106,CDK2
22.145845013544836,49,97,CDK4
3.0407259069489987,67,98,CDK5
2.8098194802539656,130,109,CDK6
5.046136921599263,111,116,CDK7
11.882251539596854,84,110,CDK8
10.353857556202193,67,77,CDK9
4.739035813685564,169,126,CHEK1
2.1463611994618232,97,98,CHEK2
11.974316390257574,152,126,CHUK
1,133,93,DDR1
4.1696877421285174,88,97,EGFR
1,61,74,EPHB2
2.5015302122070593,58,46,ERBB2
1,97,97,ERBB3
1,62,71,FGFR1
1,83,81,FGFR2
2.3622884249051217,61,71,FGFR3
1,77,77,FLT1
1,110,109,FLT4
1,94,79,GSK3A
13.503016834627301,71,102,GSK3B
1,70,66,HIPK1
1,115,80,IGF1R
2.1229085885635324,75,85,IKBKB
3.080819158030578,69,79,IKBKE
1.1365945625434977,179,121,ILK
1,78,87,IRAK2
1,84,94,IRAK4
3.1478274448534553,111,82,JAK1
1,60,82,JAK2
1,63,87,KDR
2.7941803055560146,85,105,KIT
1,76,86,KSR2
1.357242855103331,72,108,LRRK2
6.765155601180817,80,105,MAP2K1
1.181667431494931,41,78,MAP2K4
1.607941113052257,60,77,MAP3K1
4.826156887097758,75,77,MAP3K7
16.5604840073438,99,79,MAPK1
3.594258230853975,77,75,MAPK14
4.362930709708072,61,100,MELK
1,56,40,MET
1,138,112,MYLK
1,72,75,NTRK3
1,142,113,PDGFRA
1,72,65,PDGFRB
1.739811016637103,119,111,PDK1
1,58,99,PIK3CA
1,80,105,PIK3CG
1,78,71,PLK1
1.325739944709314,92,65,PLK2
3.613642033267836,63,67,PRKACA
1,66,80,PRKACB
1,78,71,PRKCA
1,100,99,PTK7
4.193900759851113,76,88,RAF1
1.446727987828791,64,72,RET
1,120,91,ROCK1
1,31,58,ROCK2
8.167977779540546,156,130,RPS6KA3
1,105,112,SNRK
1,66,73,SRC
1,105,88,STK11
1,44,85,STK33
1,41,61,SYK
1.168123387501275,59,75,TBK1
1,81,82,TEK
3.2500282632861017,35,57,TGFBR1
11.871828965253119,156,120,TGFBR2
1,66,54,TNIK
1.7810026828517183,74,56,TYK2
1,58,66,ULK1
5.137390844586173,187,100,VRK1
1,68,69,WEE1
6.1627525779149135,129,92,ABL1
5.158535029459497,102,83,AKT1
3.6699548759349185,129,124,AKT2
2.3174750501758763,52,50,ALK
10.350199465763058,116,106,ATM
10.988689174501598,111,115,ATR
2.944288186094959,111,114,AURKA
4.573574700716234,111,113,AURKB
1,64,64,BMPR1A
1,71,87,BRAF
2.4786881428726217,151,114,BTK
1,80,83,CDC7
1,115,111,CDK10
1,34,71,CDK19
16.345922082497403,151,136,CDK2
16.167880534666992,104,106,CDK4
1.6899454994937062,60,74,CDK5
6.488945985099821,152,127,CDK6
6.591130594967539,161,121,CDK7
11.64344324673635,86,86,CDK8
5.898619494029213,53,62,CDK9
8.245827278577334,129,115,CHEK1
4.02020651586249,149,133,CHEK2
10.537997230006239,142,123,CHUK
1,111,91,DDR1
2.6655149000068614,89,102,EGFR
1,43,60,EPHB2
2.4593085707168516,121,115,ERBB2
1,115,114,ERBB3
1,63,66,FGFR1
1,67,64,FGFR2
1,82,83,FGFR3
1,53,91,FLT1
1,174,92,FLT4
2.0813610326152503,60,80,GSK3A
22.846449287091502,54,92,GSK3B
1,98,105,HIPK1
1,86,103,IGF1R
3.104409587467265,174,106,IKBKB
2.721664966083017,73,93,IKBKE
1.260655126972339,90,60,ILK
1,24,53,IRAK1
1,176,115,IRAK2
1,48,85,IRAK4
1.8561024575676173,61,45,JAK1
2.4974329280201846,102,83,JAK2
1,122,71,KDR
1.0156177145821441,108,102,KIT
1,45,69,KSR2
1,135,132,LRRK2
1.9872357985597886,96,111,MAP2K1
1.3900266383740143,122,108,MAP2K4
1,82,85,MAP3K1
5.204803176447718,129,93,MAP3K7
9.895502253935458,69,57,MAPK1
14.744233383718502,67,97,MAPK14
5.091272887277387,127,116,MELK
1,57,79,MET
1,74,84,MYLK
1,76,96,NTRK3
1,35,41,PDGFRA
1,72,76,PDGFRB
2.236647808397434,82,78,PDK1
1,72,93,PIK3CA
1,85,108,PIK3CG
1,84,61,PLK1
1.5270155788282467,72,60,PLK2
6.386904751447109,111,110,PRKACA
1,73,71,PRKACB
1,145,107,PRKCA
1,157,100,PTK7
4.9046567602652615,104,104,RAF1
1.574111798111114,58,85,RET
1,117,109,ROCK1
1,127,101,ROCK2
10.053513789569212,78,88,RPS6KA3
1,148,115,SNRK
1,44,74,SRC
2.0696141395563736,128,96,STK11
1,105,126,STK33
1,70,120,SYK
3.96446823953569,83,103,TBK1
1,32,38,TEK
1.0803397262250753,48,92,TGFBR1
6.456904463656817,86,95,TGFBR2
1,65,73,TNIK
3.6792213612063875,100,102,TYK2
1,62,99,ULK1
4.339625715867632,92,94,VRK1
1,88,75,WEE1
13.714266128714634,134,119,ABL1
10.208171160537185,120,120,AKT1
1.3254915584354854,81,86,AKT2
2.6447505754798364,62,62,ATM
2.5479548040893154,54,68,ATR
1,205,126,BMPR1A
1,167,116,BRAF
2.930695091411475,124,96,BTK
2.5555316861952315,41,69,CDC7
1,72,53,CDK10
1,63,80,CDK19
9.283612643718879,37,65,CDK2
18.29610794620053,90,81,CDK4
2.89587594969631,61,93,CDK5
1.103688336455082,134,117,CDK6
14.451993607362272,145,120,CDK7
4.606397582314031,87,66,CDK8
6.601278353514045,86,127,CDK9
1.7518169133745423,123,125,CHEK1
7.241640228348482,157,101,CHEK2
1,66,83,DDR1
1.7287803780652984,49,67,EGFR
1,67,70,ERBB2
1.596279178395855,34,96,ERBB3
1,93,82,FGFR1
5.743027605649368,56,62,FGFR3
1.0966715317459759,188,131,FLT1
1,129,126,FLT4
5.290503940420916,38,55,GSK3A
15.957128633749761,66,125,GSK3B
2.30898092188486,56,68,HIPK1
1,79,103,IGF1R
1.5623071723300785,26,47,IKBKB
4.052953073372983,93,126,IKBKE
3.2646043494203796,155,117,ILK
2.4143809390193693,70,59,IRAK1
1,102,111,IRAK2
1,63,58,JAK1
2.421256344684554,106,101,JAK2
1,27,35,KDR
1,82,74,KIT
1,170,128,LRRK2
3.6926126185527104,78,86,MAP2K1
1.3748464405964171,39,57,MAP2K4
1,29,86,MAP3K1
18.76566701757209,105,126,MAPK1
7.138140030230739,85,90,MAPK14
6.267894381575618,86,94,MELK
1,63,100,MET
1,53,75,MYLK
1,107,141,PDGFRA
2.1397293824567494,82,127,PDK1
1,67,100,PIK3CA
1,33,44,PIK3CG
2.0631760916695505,32,62,PLK1
1,65,84,PLK2
2.569936456343943,123,107,PRKACA
1,123,99,PRKCA
1,71,107,PTK7
5.124787700647586,84,61,RAF1
4.9246455153391375,99,83,RET
1.392051385372472,57,94,ROCK1
1,77,86,ROCK2
2.341208213536703,93,76,RPS6KA3
1,131,114,SNRK
1,121,111,SRC
1.0182307479546735,85,80,STK11
1,113,97,SYK
4.6336700510962805,69,96,TBK1
1.5041053395861983,28,67,TGFBR1
3.743425288056584,44,82,TGFBR2
1,99,81,TNIK
1,86,80,TYK2
1,126,115,ULK1
6.191130413367489,123,108,VRK1
1,57,70,WEE1
7.272433848493548,110,111,ABL1
13.322324522916862,87,90,AKT1
1,72,62,AKT2
1,32,70,ALK
4.879504453467363,94,83,ATM
11.097570891826434,106,94,ATR
3.1563120134311147,104,115,AURKA
3.738831337092138,90,104,AURKB
1,58,59,BMPR1A
1,89,91,BRAF
4.318173888087512,138,86,BTK
1.9540550378978276,68,79,CDC7
1,75,55,CDK10
1,78,88,CDK19
10.220518273626933,124,99,CDK2
6.133645398791321,55,62,CDK4
4.294888825176823,65,108,CDK5
1,73,80,CDK6
5.280597457807552,118,99,CDK7
4.3284063523692184,109,106,CDK8
9.257654978779236,190,116,CDK9
6.418807030475675,58,67,CHEK1
6.579031224257538,125,99,CHEK2
2.4394218375255083,72,65,CHUK
1,74,80,DDR1
2.594661617867848,124,89,EGFR
1,93,69,EPHB2
3.0580031257595746,69,66,ERBB2
1,117,84,ERBB3
1,95,124,FGFR1
1,187,127,FGFR2
2.1799566532984658,80,87,FGFR3
2.160967398685898,46,115,FLT1
1,199,107,FLT4
7.712600315469493,143,108,GSK3A
nan,nan,nan,GSK3B
2.2305419398802626,50,80,HIPK1
1,60,74,IGF1R
2.9754460568517604,101,105,IKBKB
2.5940944652583005,90,109,IKBKE
1,141,103,ILK
2.281701717493778,76,106,IRAK1
1,118,100,IRAK2
1,49,57,IRAK4
1.199312737491819,128,88,JAK1
4.267714337370567,95,85,JAK2
1,75,79,KDR
1,84,91,KIT
1,111,83,KSR2
1,55,98,LRRK2
4.953904446426132,107,108,MAP2K1
6.322164277908788,116,107,MAP2K4
1,76,101,MAP3K1
2.396636461803143,57,66,MAP3K7
12.9067464185681,104,92,MAPK1
1.7116038653876717,78,64,MAPK14
7.456063903464779,55,74,MELK
1,65,54,MET
1,172,93,MYLK
1,75,81,NTRK3
1,141,101,PDGFRA
1,79,65,PDGFRB
1,78,69,PDK1
1,53,72,PIK3CA
1.8550377148282038,208,111,PIK3CG
2.1849772661788003,111,105,PLK1
1.7782672692141592,50,88,PLK2
4.355288442250057,75,80,PRKACA
1,35,57,PRKACB
1,56,58,PRKCA
3.4533609641100047,97,88,RAF1
1.5402411209240696,66,62,RET
1,100,88,ROCK1
1.157819063624888,147,137,ROCK2
5.293609117138387,59,85,RPS6KA3
1,117,100,SNRK
1,86,83,SRC
1,76,95,STK11
1,69,81,STK33
1,107,71,SYK
8.67568986451952,123,128,TBK1
1,82,74,TEK
3.6100390050356106,138,138,TGFBR1
7.083062213498193,91,59,TGFBR2
1,102,97,TNIK
4.425842398713418,64,76,TYK2
1,110,97,ULK1
4.996964500987024,62,56,VRK1
1,55,92,WEE1
8.08591698267922,94,103,ABL1
9.747357678727704,115,122,AKT1
1,90,107,AKT2
1.1585510323297186,192,105,ALK
16.3647559641142,94,86,ATM
1.6989757634779654,99,102,ATR
1,67,48,AURKA
2.0396660382202225,81,85,AURKB
1,131,113,BMPR1A
1,60,33,BRAF
3.0691482485780845,73,77,BTK
1,55,68,CDC7
1,63,77,CDK10
1,51,99,CDK19
18.110550291397125,77,75,CDK2
17.67531406812844,62,84,CDK4
1.289299632205234,31,62,CDK5
5.081133978766934,98,98,CDK6
1.3199254262008455,105,84,CDK7
5.23541442141764,68,56,CDK8
7.258823166131586,70,81,CDK9
3.1377691906484513,121,106,CHEK1
10.188527803615079,129,88,CHEK2
5.529565888859203,39,64,CHUK
1,142,103,DDR1
2.163893240904353,63,68,EGFR
1,85,76,EPHB2
1.3655301070844021,91,106,ERBB2
1.51153294673669,132,97,ERBB3
1,126,104,FGFR1
1,67,82,FGFR2
1.4287259168988171,192,109,FGFR3
2.099448135974475,45,95,FLT1
1,39,66,FLT4
1,103,96,GSK3A
15.139194343309253,63,96,GSK3B
1,55,63,IGF1R
4.861878547339959,107,103,IKBKB
4.789122293397623,84,79,IKBKE
1,116,101,ILK
1,77,107,IRAK1
1,92,94,IRAK2
1,43,56,IRAK4
1,136,93,JAK1
1.5907645546531186,77,105,JAK2
1,19,57,KDR
1.1370399789500947,93,68,KIT
1,82,85,KSR2
1.0504881691303902,107,96,LRRK2
4.855321172848171,61,49,MAP2K1
1,61,81,MAP2K4
1,80,112,MAP3K1
6.710976212746166,87,72,MAP3K7
9.573714470102502,74,89,MAPK1
8.425697529561113,90,85,MAPK14
4.014308557495484,89,87,MELK
1,110,91,MET
1,61,91,MYLK
1,181,116,NTRK3
1,54,68,PDGFRA
1,88,85,PDGFRB
1,66,71,PDK1
1,113,86,PIK3CA
1,61,100,PIK3CG
1.013982998358801,52,100,PLK1
2.078928919493432,36,87,PLK2
3.01725983022775,88,69,PRKACA
1,125,123,PRKACB
3.9550217819128197,101,102,PRKCA
1,59,84,PTK7
4.618700344689549,98,78,RAF1
1,41,45,RET
1,130,93,ROCK1
1,72,75,ROCK2
3.8119854684001635,97,102,RPS6KA3
1,76,64,SNRK
1,94,108,SRC
1,102,61,STK11
1,79,65,STK33
1,96,73,SYK
2.6382424000789055,76,60,TBK1
1,69,106,TEK
1.3259100822929366,123,85,TGFBR1
9.687519887717604,93,83,TGFBR2
1,94,95,TNIK
3.1396019932189745,97,101,TYK2
1,42,49,ULK1
2.249510086400942,58,52,VRK1
2.178533374291353,139,113,WEE1
2.0050413236300684,99,80,ABL1
7.785400069567,141,97,AKT1
1.3421792334412526,134,109,AKT2
1.4625490862323596,128,106,ALK
8.451512263931443,71,95,ATM
3.9476741549134484,42,81,ATR
4.054820312622139,126,92,AURKA
1,152,127,AURKB
1.1778304218537448,101,90,BMPR1A
1,79,75,BRAF
1.4214844270780236,92,82,BTK
2.060729562467172,61,104,CDC7
1,93,109,CDK10
11.591349495145845,63,63,CDK2
17.24427296350305,89,85,CDK4
2.6185239444775035,70,66,CDK5
8.07124302863756,97,63,CDK6
1,47,59,CDK7
4.569787454477415,100,91,CDK8
4.895737127888115,77,110,CDK9
2.3818992491206696,98,84,CHEK1
5.727002913679174,84,72,CHEK2
2.5347741255810736,77,52,CHUK
1,70,86,DDR1
2.061126837608161,60,91,EGFR
1,55,78,EPHB2
1,42,54,ERBB2
1,197,121,ERBB3
1,60,73,FGFR1
1,101,87,FGFR2
2.1139106147134576,90,107,FGFR3
1.5727868284419837,96,87,FLT1
1,25,103,FLT4
6.813524916926208,23,93,GSK3A
8.771506526204401,160,115,GSK3B
2.288711469820042,51,69,HIPK1
1,39,92,IGF1R
1.9094333357873279,92,68,IKBKB
2.803828864989829,72,75,IKBKE
1,102,118,ILK
2.432439047148512,69,73,IRAK1
1,57,69,IRAK2
1,54,71,IRAK4
2.6325336848324885,144,141,JAK1
5.152904813506866,69,96,JAK2
1,73,75,KDR
1.2854355315496266,79,74,KIT
1,89,68,KSR2
1,111,75,LRRK2
5.010505793971612,84,90,MAP2K1
2.9873208548416543,39,68,MAP2K4
1,89,101,MAP3K1
1,59,46,MAP3K7
12.970186875724476,43,79,MAPK1
6.295745830927197,87,72,MAPK14
4.840255140584789,140,103,MELK
1,45,95,MET
1,125,102,MYLK
1,76,67,NTRK3
1,41,51,PDGFRA
1,115,111,PDGFRB
1.6193377469031378,148,109,PDK1
1,88,86,PIK3CA
2.3772887813980286,119,118,PIK3CG
1,27,64,PLK1
1,95,97,PLK2
2.7000008256595462,66,75,PRKACA
1,88,103,PRKACB
1.201621842891493,81,67,PRKCA
1,53,78,PTK7
3.577173230407153,123,94,RAF1
6.372653524499682,123,88,RET
1,134,135,ROCK1
1,81,109,ROCK2
10.739938608287387,73,113,RPS6KA3
1,34,58,SNRK
1,60,69,SRC
1,58,61,STK11
1,111,118,STK33
1,47,46,SYK
3.3127937688799696,117,106,TBK1
1,81,78,TEK
3.7577351090470557,72,111,TGFBR1
6.79317929918341,85,74,TGFBR2
1,83,78,TNIK
1.4829046830398465,75,61,TYK2
2.2119731435538004,70,63,VRK1
8.068925369966534,142,102,WEE1
3.9254620641577005,52,58,ABL1
15.970535840521867,139,130,AKT1
1.041765762114787,104,103,AKT2
3.438992640712891,137,93,ALK
2.9533968399817097,72,62,ATM
6.84958042063935,105,138,ATR
4.911561655991425,132,97,AURKA
5.387933445090294,69,87,AURKB
1,135,126,BMPR1A
1,173,128,BRAF
1.919949604760662,55,59,BTK
1,51,94,CDC7
1,42,105,CDK10
1,91,83,CDK19
15.249473703445817,98,103,CDK2
8.356932428369648,85,109,CDK4
5.18401772070259,139,103,CDK5
4.065063376039118,63,96,CDK6
17.72782355771438,117,102,CDK7
5.949377564193342,61,54,CDK8
1.2149396542104256,67,80,CDK9
2.434179579789796,81,65,CHEK1
2.523723826017157,69,93,CHEK2
5.15318845521633,49,62,CHUK
1,77,93,DDR1
1,140,112,EGFR
1,166,100,EPHB2
3.0580031257595746,70,78,ERBB2
1,67,51,ERBB3
1,67,68,FGFR1
1,142,110,FGFR2
2.251411558719927,82,80,FGFR3
1,67,54,FLT1
1,141,118,FLT4
11.184623651601942,75,109,GSK3A
17.971120871376637,141,125,GSK3B
1,32,70,HIPK1
2.0408726809204465,91,139,IGF1R
2.533563256255255,126,94,IKBKB
4.922432669143906,75,99,IKBKE
1.0141850641100427,184,129,ILK
1.7730009905039887,127,115,IRAK1
1,56,77,IRAK2
1,75,72,IRAK4
2.32486207389731,24,63,JAK1
6.090986253309935,57,76,JAK2
1,86,101,KDR
1,159,112,KIT
1,62,88,KSR2
1,91,72,LRRK2
4.36699443680306,67,74,MAP2K1
2.1229085885635324,74,83,MAP2K4
1.3869846470153937,82,66,MAP3K1
4.93103760895768,86,89,MAP3K7
12.860607962233818,54,86,MAPK1
13.854810218944683,132,102,MAPK14
1.3547178970104774,112,113,MELK
1,81,89,MET
1,68,94,MYLK
1,74,109,NTRK3
1,91,82,PDGFRA
1,82,93,PDGFRB
2.2664267968091862,78,80,PDK1
1,68,88,PIK3CA
1,72,67,PIK3CG
1.304297980157138,58,98,PLK1
1,90,71,PLK2
3.465710052681067,122,110,PRKACA
1,104,85,PRKACB
1,129,109,PRKCA
1,80,84,PTK7
3.1150028741192237,83,78,RAF1
8.996904984352977,184,119,RET
1,59,53,ROCK1
1,43,52,ROCK2
8.530078256272338,39,77,RPS6KA3
1,73,95,SNRK
1,42,67,SRC
5.032359657288868,136,140,STK11
1,66,63,STK33
1,73,70,SYK
4.556118724239469,118,106,TBK1
1,97,89,TEK
1.380421366784059,129,85,TGFBR1
15.535083893744815,82,73,TGFBR2
1,79,98,TNIK
nan,nan,nan,TYK2
nan,nan,nan,ULK1
4.685326250256889,75,101,VRK1
5.5102104844117,100,133,WEE1
